// Generated by tools/generate_bitmap_font.py.
// Character subset: tools/font_chars.txt plus UTF-8 C/C++ string literals in src/.
// Small font: Fusion Pixel Font 12px proportional zh_hans (OFL-1.1).
// Emphasis font: Fusion Bold Pixel Font 12px proportional zh_hans (OFL-1.1).
#pragma once

#include <Arduino.h>
#include <stddef.h>
#include <stdint.h>

struct BitmapGlyph {
    uint32_t codepoint;
    uint8_t advance;
    uint8_t bitmap[40];
};

const BitmapGlyph FONT12_GLYPHS[] PROGMEM = {
    {0x0020, 6, {0x00, 0x00, 0x00, 0x00, 0x00, 0x00, 0x00, 0x00, 0x00, 0x00, 0x00, 0x00, 0x00, 0x00, 0x00, 0x00, 0x00, 0x00, 0x00, 0x00, 0x00, 0x00, 0x00, 0x00, 0x00, 0x00, 0x00, 0x00, 0x00, 0x00, 0x00, 0x00, 0x00, 0x00, 0x00, 0x00, 0x00, 0x00, 0x00, 0x00}},  // U+0020
    {0x0021, 4, {0x00, 0x00, 0x00, 0x00, 0x00, 0x00, 0x00, 0x00, 0x40, 0x00, 0x40, 0x00, 0x40, 0x00, 0x40, 0x00, 0x40, 0x00, 0x40, 0x00, 0x40, 0x00, 0x00, 0x00, 0x40, 0x00, 0x00, 0x00, 0x00, 0x00, 0x00, 0x00, 0x00, 0x00, 0x00, 0x00, 0x00, 0x00, 0x00, 0x00}},  // !
    {0x0022, 6, {0x00, 0x00, 0x00, 0x00, 0x00, 0x00, 0x00, 0x00, 0x50, 0x00, 0x50, 0x00, 0x50, 0x00, 0x00, 0x00, 0x00, 0x00, 0x00, 0x00, 0x00, 0x00, 0x00, 0x00, 0x00, 0x00, 0x00, 0x00, 0x00, 0x00, 0x00, 0x00, 0x00, 0x00, 0x00, 0x00, 0x00, 0x00, 0x00, 0x00}},  // "
    {0x0023, 7, {0x00, 0x00, 0x00, 0x00, 0x00, 0x00, 0x00, 0x00, 0x48, 0x00, 0x48, 0x00, 0xFC, 0x00, 0x48, 0x00, 0x48, 0x00, 0x48, 0x00, 0xFC, 0x00, 0x48, 0x00, 0x48, 0x00, 0x00, 0x00, 0x00, 0x00, 0x00, 0x00, 0x00, 0x00, 0x00, 0x00, 0x00, 0x00, 0x00, 0x00}},  // #
    {0x0024, 6, {0x00, 0x00, 0x00, 0x00, 0x00, 0x00, 0x20, 0x00, 0x70, 0x00, 0xA8, 0x00, 0xA0, 0x00, 0xA0, 0x00, 0x70, 0x00, 0x28, 0x00, 0x28, 0x00, 0xA8, 0x00, 0x70, 0x00, 0x20, 0x00, 0x00, 0x00, 0x00, 0x00, 0x00, 0x00, 0x00, 0x00, 0x00, 0x00, 0x00, 0x00}},  // $
    {0x0025, 8, {0x00, 0x00, 0x00, 0x00, 0x00, 0x00, 0x00, 0x00, 0x44, 0x00, 0xA4, 0x00, 0x48, 0x00, 0x08, 0x00, 0x10, 0x00, 0x20, 0x00, 0x24, 0x00, 0x4A, 0x00, 0x44, 0x00, 0x00, 0x00, 0x00, 0x00, 0x00, 0x00, 0x00, 0x00, 0x00, 0x00, 0x00, 0x00, 0x00, 0x00}},  // %
    {0x0026, 7, {0x00, 0x00, 0x00, 0x00, 0x00, 0x00, 0x00, 0x00, 0x30, 0x00, 0x48, 0x00, 0x48, 0x00, 0x30, 0x00, 0x64, 0x00, 0x94, 0x00, 0x88, 0x00, 0x88, 0x00, 0x74, 0x00, 0x00, 0x00, 0x00, 0x00, 0x00, 0x00, 0x00, 0x00, 0x00, 0x00, 0x00, 0x00, 0x00, 0x00}},  // &
    {0x0027, 4, {0x00, 0x00, 0x00, 0x00, 0x00, 0x00, 0x00, 0x00, 0x40, 0x00, 0x40, 0x00, 0x40, 0x00, 0x00, 0x00, 0x00, 0x00, 0x00, 0x00, 0x00, 0x00, 0x00, 0x00, 0x00, 0x00, 0x00, 0x00, 0x00, 0x00, 0x00, 0x00, 0x00, 0x00, 0x00, 0x00, 0x00, 0x00, 0x00, 0x00}},  // U+0027
    {0x0028, 6, {0x00, 0x00, 0x00, 0x00, 0x00, 0x00, 0x10, 0x00, 0x20, 0x00, 0x20, 0x00, 0x40, 0x00, 0x40, 0x00, 0x40, 0x00, 0x40, 0x00, 0x40, 0x00, 0x20, 0x00, 0x20, 0x00, 0x10, 0x00, 0x00, 0x00, 0x00, 0x00, 0x00, 0x00, 0x00, 0x00, 0x00, 0x00, 0x00, 0x00}},  // (
    {0x0029, 6, {0x00, 0x00, 0x00, 0x00, 0x00, 0x00, 0x40, 0x00, 0x20, 0x00, 0x20, 0x00, 0x10, 0x00, 0x10, 0x00, 0x10, 0x00, 0x10, 0x00, 0x10, 0x00, 0x20, 0x00, 0x20, 0x00, 0x40, 0x00, 0x00, 0x00, 0x00, 0x00, 0x00, 0x00, 0x00, 0x00, 0x00, 0x00, 0x00, 0x00}},  // )
    {0x002A, 6, {0x00, 0x00, 0x00, 0x00, 0x00, 0x00, 0x00, 0x00, 0x00, 0x00, 0x00, 0x00, 0x00, 0x00, 0x20, 0x00, 0xA8, 0x00, 0x70, 0x00, 0xA8, 0x00, 0x20, 0x00, 0x00, 0x00, 0x00, 0x00, 0x00, 0x00, 0x00, 0x00, 0x00, 0x00, 0x00, 0x00, 0x00, 0x00, 0x00, 0x00}},  // *
    {0x002B, 6, {0x00, 0x00, 0x00, 0x00, 0x00, 0x00, 0x00, 0x00, 0x00, 0x00, 0x00, 0x00, 0x00, 0x00, 0x20, 0x00, 0x20, 0x00, 0xF8, 0x00, 0x20, 0x00, 0x20, 0x00, 0x00, 0x00, 0x00, 0x00, 0x00, 0x00, 0x00, 0x00, 0x00, 0x00, 0x00, 0x00, 0x00, 0x00, 0x00, 0x00}},  // +
    {0x002C, 4, {0x00, 0x00, 0x00, 0x00, 0x00, 0x00, 0x00, 0x00, 0x00, 0x00, 0x00, 0x00, 0x00, 0x00, 0x00, 0x00, 0x00, 0x00, 0x00, 0x00, 0x00, 0x00, 0x00, 0x00, 0x40, 0x00, 0x40, 0x00, 0x80, 0x00, 0x00, 0x00, 0x00, 0x00, 0x00, 0x00, 0x00, 0x00, 0x00, 0x00}},  // ,
    {0x002D, 6, {0x00, 0x00, 0x00, 0x00, 0x00, 0x00, 0x00, 0x00, 0x00, 0x00, 0x00, 0x00, 0x00, 0x00, 0x00, 0x00, 0x00, 0x00, 0xF8, 0x00, 0x00, 0x00, 0x00, 0x00, 0x00, 0x00, 0x00, 0x00, 0x00, 0x00, 0x00, 0x00, 0x00, 0x00, 0x00, 0x00, 0x00, 0x00, 0x00, 0x00}},  // -
    {0x002E, 4, {0x00, 0x00, 0x00, 0x00, 0x00, 0x00, 0x00, 0x00, 0x00, 0x00, 0x00, 0x00, 0x00, 0x00, 0x00, 0x00, 0x00, 0x00, 0x00, 0x00, 0x00, 0x00, 0x00, 0x00, 0x40, 0x00, 0x00, 0x00, 0x00, 0x00, 0x00, 0x00, 0x00, 0x00, 0x00, 0x00, 0x00, 0x00, 0x00, 0x00}},  // .
    {0x002F, 6, {0x00, 0x00, 0x00, 0x00, 0x00, 0x00, 0x08, 0x00, 0x08, 0x00, 0x10, 0x00, 0x10, 0x00, 0x20, 0x00, 0x20, 0x00, 0x20, 0x00, 0x40, 0x00, 0x40, 0x00, 0x80, 0x00, 0x80, 0x00, 0x00, 0x00, 0x00, 0x00, 0x00, 0x00, 0x00, 0x00, 0x00, 0x00, 0x00, 0x00}},  // /
    {0x0030, 6, {0x00, 0x00, 0x00, 0x00, 0x00, 0x00, 0x00, 0x00, 0x70, 0x00, 0x88, 0x00, 0x88, 0x00, 0x98, 0x00, 0xA8, 0x00, 0xC8, 0x00, 0x88, 0x00, 0x88, 0x00, 0x70, 0x00, 0x00, 0x00, 0x00, 0x00, 0x00, 0x00, 0x00, 0x00, 0x00, 0x00, 0x00, 0x00, 0x00, 0x00}},  // 0
    {0x0031, 6, {0x00, 0x00, 0x00, 0x00, 0x00, 0x00, 0x00, 0x00, 0x20, 0x00, 0x60, 0x00, 0x20, 0x00, 0x20, 0x00, 0x20, 0x00, 0x20, 0x00, 0x20, 0x00, 0x20, 0x00, 0x70, 0x00, 0x00, 0x00, 0x00, 0x00, 0x00, 0x00, 0x00, 0x00, 0x00, 0x00, 0x00, 0x00, 0x00, 0x00}},  // 1
    {0x0032, 6, {0x00, 0x00, 0x00, 0x00, 0x00, 0x00, 0x00, 0x00, 0x70, 0x00, 0x88, 0x00, 0x08, 0x00, 0x08, 0x00, 0x10, 0x00, 0x20, 0x00, 0x40, 0x00, 0x80, 0x00, 0xF8, 0x00, 0x00, 0x00, 0x00, 0x00, 0x00, 0x00, 0x00, 0x00, 0x00, 0x00, 0x00, 0x00, 0x00, 0x00}},  // 2
    {0x0033, 6, {0x00, 0x00, 0x00, 0x00, 0x00, 0x00, 0x00, 0x00, 0x70, 0x00, 0x88, 0x00, 0x08, 0x00, 0x08, 0x00, 0x30, 0x00, 0x08, 0x00, 0x08, 0x00, 0x88, 0x00, 0x70, 0x00, 0x00, 0x00, 0x00, 0x00, 0x00, 0x00, 0x00, 0x00, 0x00, 0x00, 0x00, 0x00, 0x00, 0x00}},  // 3
    {0x0034, 6, {0x00, 0x00, 0x00, 0x00, 0x00, 0x00, 0x00, 0x00, 0x10, 0x00, 0x30, 0x00, 0x30, 0x00, 0x50, 0x00, 0x50, 0x00, 0x90, 0x00, 0xF8, 0x00, 0x10, 0x00, 0x10, 0x00, 0x00, 0x00, 0x00, 0x00, 0x00, 0x00, 0x00, 0x00, 0x00, 0x00, 0x00, 0x00, 0x00, 0x00}},  // 4
    {0x0035, 6, {0x00, 0x00, 0x00, 0x00, 0x00, 0x00, 0x00, 0x00, 0xF8, 0x00, 0x80, 0x00, 0x80, 0x00, 0x80, 0x00, 0xF0, 0x00, 0x08, 0x00, 0x08, 0x00, 0x88, 0x00, 0x70, 0x00, 0x00, 0x00, 0x00, 0x00, 0x00, 0x00, 0x00, 0x00, 0x00, 0x00, 0x00, 0x00, 0x00, 0x00}},  // 5
    {0x0036, 6, {0x00, 0x00, 0x00, 0x00, 0x00, 0x00, 0x00, 0x00, 0x70, 0x00, 0x88, 0x00, 0x80, 0x00, 0x80, 0x00, 0xF0, 0x00, 0x88, 0x00, 0x88, 0x00, 0x88, 0x00, 0x70, 0x00, 0x00, 0x00, 0x00, 0x00, 0x00, 0x00, 0x00, 0x00, 0x00, 0x00, 0x00, 0x00, 0x00, 0x00}},  // 6
    {0x0037, 6, {0x00, 0x00, 0x00, 0x00, 0x00, 0x00, 0x00, 0x00, 0xF8, 0x00, 0x08, 0x00, 0x08, 0x00, 0x10, 0x00, 0x10, 0x00, 0x20, 0x00, 0x20, 0x00, 0x20, 0x00, 0x20, 0x00, 0x00, 0x00, 0x00, 0x00, 0x00, 0x00, 0x00, 0x00, 0x00, 0x00, 0x00, 0x00, 0x00, 0x00}},  // 7
    {0x0038, 6, {0x00, 0x00, 0x00, 0x00, 0x00, 0x00, 0x00, 0x00, 0x70, 0x00, 0x88, 0x00, 0x88, 0x00, 0x88, 0x00, 0x70, 0x00, 0x88, 0x00, 0x88, 0x00, 0x88, 0x00, 0x70, 0x00, 0x00, 0x00, 0x00, 0x00, 0x00, 0x00, 0x00, 0x00, 0x00, 0x00, 0x00, 0x00, 0x00, 0x00}},  // 8
    {0x0039, 6, {0x00, 0x00, 0x00, 0x00, 0x00, 0x00, 0x00, 0x00, 0x70, 0x00, 0x88, 0x00, 0x88, 0x00, 0x88, 0x00, 0x78, 0x00, 0x08, 0x00, 0x08, 0x00, 0x88, 0x00, 0x70, 0x00, 0x00, 0x00, 0x00, 0x00, 0x00, 0x00, 0x00, 0x00, 0x00, 0x00, 0x00, 0x00, 0x00, 0x00}},  // 9
    {0x003A, 4, {0x00, 0x00, 0x00, 0x00, 0x00, 0x00, 0x00, 0x00, 0x00, 0x00, 0x00, 0x00, 0x00, 0x00, 0x40, 0x00, 0x00, 0x00, 0x00, 0x00, 0x00, 0x00, 0x00, 0x00, 0x40, 0x00, 0x00, 0x00, 0x00, 0x00, 0x00, 0x00, 0x00, 0x00, 0x00, 0x00, 0x00, 0x00, 0x00, 0x00}},  // :
    {0x003B, 4, {0x00, 0x00, 0x00, 0x00, 0x00, 0x00, 0x00, 0x00, 0x00, 0x00, 0x00, 0x00, 0x00, 0x00, 0x40, 0x00, 0x00, 0x00, 0x00, 0x00, 0x00, 0x00, 0x00, 0x00, 0x40, 0x00, 0x40, 0x00, 0x80, 0x00, 0x00, 0x00, 0x00, 0x00, 0x00, 0x00, 0x00, 0x00, 0x00, 0x00}},  // ;
    {0x003C, 5, {0x00, 0x00, 0x00, 0x00, 0x00, 0x00, 0x00, 0x00, 0x00, 0x00, 0x00, 0x00, 0x10, 0x00, 0x20, 0x00, 0x40, 0x00, 0x80, 0x00, 0x40, 0x00, 0x20, 0x00, 0x10, 0x00, 0x00, 0x00, 0x00, 0x00, 0x00, 0x00, 0x00, 0x00, 0x00, 0x00, 0x00, 0x00, 0x00, 0x00}},  // <
    {0x003D, 6, {0x00, 0x00, 0x00, 0x00, 0x00, 0x00, 0x00, 0x00, 0x00, 0x00, 0x00, 0x00, 0x00, 0x00, 0x00, 0x00, 0xF8, 0x00, 0x00, 0x00, 0xF8, 0x00, 0x00, 0x00, 0x00, 0x00, 0x00, 0x00, 0x00, 0x00, 0x00, 0x00, 0x00, 0x00, 0x00, 0x00, 0x00, 0x00, 0x00, 0x00}},  // =
    {0x003E, 5, {0x00, 0x00, 0x00, 0x00, 0x00, 0x00, 0x00, 0x00, 0x00, 0x00, 0x00, 0x00, 0x80, 0x00, 0x40, 0x00, 0x20, 0x00, 0x10, 0x00, 0x20, 0x00, 0x40, 0x00, 0x80, 0x00, 0x00, 0x00, 0x00, 0x00, 0x00, 0x00, 0x00, 0x00, 0x00, 0x00, 0x00, 0x00, 0x00, 0x00}},  // >
    {0x003F, 6, {0x00, 0x00, 0x00, 0x00, 0x00, 0x00, 0x00, 0x00, 0x70, 0x00, 0x88, 0x00, 0x08, 0x00, 0x08, 0x00, 0x10, 0x00, 0x20, 0x00, 0x20, 0x00, 0x00, 0x00, 0x20, 0x00, 0x00, 0x00, 0x00, 0x00, 0x00, 0x00, 0x00, 0x00, 0x00, 0x00, 0x00, 0x00, 0x00, 0x00}},  // ?
    {0x0040, 8, {0x00, 0x00, 0x00, 0x00, 0x00, 0x00, 0x00, 0x00, 0x38, 0x00, 0x44, 0x00, 0x9A, 0x00, 0xAA, 0x00, 0xAA, 0x00, 0xAA, 0x00, 0xAA, 0x00, 0xB6, 0x00, 0x40, 0x00, 0x3C, 0x00, 0x00, 0x00, 0x00, 0x00, 0x00, 0x00, 0x00, 0x00, 0x00, 0x00, 0x00, 0x00}},  // @
    {0x0041, 8, {0x00, 0x00, 0x00, 0x00, 0x00, 0x00, 0x00, 0x00, 0x10, 0x00, 0x10, 0x00, 0x28, 0x00, 0x28, 0x00, 0x44, 0x00, 0x7C, 0x00, 0x44, 0x00, 0x82, 0x00, 0x82, 0x00, 0x00, 0x00, 0x00, 0x00, 0x00, 0x00, 0x00, 0x00, 0x00, 0x00, 0x00, 0x00, 0x00, 0x00}},  // A
    {0x0042, 7, {0x00, 0x00, 0x00, 0x00, 0x00, 0x00, 0x00, 0x00, 0xF8, 0x00, 0x84, 0x00, 0x84, 0x00, 0x84, 0x00, 0xF8, 0x00, 0x84, 0x00, 0x84, 0x00, 0x84, 0x00, 0xF8, 0x00, 0x00, 0x00, 0x00, 0x00, 0x00, 0x00, 0x00, 0x00, 0x00, 0x00, 0x00, 0x00, 0x00, 0x00}},  // B
    {0x0043, 7, {0x00, 0x00, 0x00, 0x00, 0x00, 0x00, 0x00, 0x00, 0x38, 0x00, 0x44, 0x00, 0x80, 0x00, 0x80, 0x00, 0x80, 0x00, 0x80, 0x00, 0x80, 0x00, 0x44, 0x00, 0x38, 0x00, 0x00, 0x00, 0x00, 0x00, 0x00, 0x00, 0x00, 0x00, 0x00, 0x00, 0x00, 0x00, 0x00, 0x00}},  // C
    {0x0044, 7, {0x00, 0x00, 0x00, 0x00, 0x00, 0x00, 0x00, 0x00, 0xF0, 0x00, 0x88, 0x00, 0x84, 0x00, 0x84, 0x00, 0x84, 0x00, 0x84, 0x00, 0x84, 0x00, 0x88, 0x00, 0xF0, 0x00, 0x00, 0x00, 0x00, 0x00, 0x00, 0x00, 0x00, 0x00, 0x00, 0x00, 0x00, 0x00, 0x00, 0x00}},  // D
    {0x0045, 7, {0x00, 0x00, 0x00, 0x00, 0x00, 0x00, 0x00, 0x00, 0xFC, 0x00, 0x80, 0x00, 0x80, 0x00, 0x80, 0x00, 0xF8, 0x00, 0x80, 0x00, 0x80, 0x00, 0x80, 0x00, 0xFC, 0x00, 0x00, 0x00, 0x00, 0x00, 0x00, 0x00, 0x00, 0x00, 0x00, 0x00, 0x00, 0x00, 0x00, 0x00}},  // E
    {0x0046, 7, {0x00, 0x00, 0x00, 0x00, 0x00, 0x00, 0x00, 0x00, 0xFC, 0x00, 0x80, 0x00, 0x80, 0x00, 0x80, 0x00, 0xF8, 0x00, 0x80, 0x00, 0x80, 0x00, 0x80, 0x00, 0x80, 0x00, 0x00, 0x00, 0x00, 0x00, 0x00, 0x00, 0x00, 0x00, 0x00, 0x00, 0x00, 0x00, 0x00, 0x00}},  // F
    {0x0047, 7, {0x00, 0x00, 0x00, 0x00, 0x00, 0x00, 0x00, 0x00, 0x38, 0x00, 0x44, 0x00, 0x80, 0x00, 0x80, 0x00, 0x80, 0x00, 0x8C, 0x00, 0x84, 0x00, 0x44, 0x00, 0x3C, 0x00, 0x00, 0x00, 0x00, 0x00, 0x00, 0x00, 0x00, 0x00, 0x00, 0x00, 0x00, 0x00, 0x00, 0x00}},  // G
    {0x0048, 7, {0x00, 0x00, 0x00, 0x00, 0x00, 0x00, 0x00, 0x00, 0x84, 0x00, 0x84, 0x00, 0x84, 0x00, 0x84, 0x00, 0xFC, 0x00, 0x84, 0x00, 0x84, 0x00, 0x84, 0x00, 0x84, 0x00, 0x00, 0x00, 0x00, 0x00, 0x00, 0x00, 0x00, 0x00, 0x00, 0x00, 0x00, 0x00, 0x00, 0x00}},  // H
    {0x0049, 4, {0x00, 0x00, 0x00, 0x00, 0x00, 0x00, 0x00, 0x00, 0xE0, 0x00, 0x40, 0x00, 0x40, 0x00, 0x40, 0x00, 0x40, 0x00, 0x40, 0x00, 0x40, 0x00, 0x40, 0x00, 0xE0, 0x00, 0x00, 0x00, 0x00, 0x00, 0x00, 0x00, 0x00, 0x00, 0x00, 0x00, 0x00, 0x00, 0x00, 0x00}},  // I
    {0x004A, 6, {0x00, 0x00, 0x00, 0x00, 0x00, 0x00, 0x00, 0x00, 0x08, 0x00, 0x08, 0x00, 0x08, 0x00, 0x08, 0x00, 0x08, 0x00, 0x08, 0x00, 0x88, 0x00, 0x88, 0x00, 0x70, 0x00, 0x00, 0x00, 0x00, 0x00, 0x00, 0x00, 0x00, 0x00, 0x00, 0x00, 0x00, 0x00, 0x00, 0x00}},  // J
    {0x004B, 7, {0x00, 0x00, 0x00, 0x00, 0x00, 0x00, 0x00, 0x00, 0x84, 0x00, 0x88, 0x00, 0x90, 0x00, 0xA0, 0x00, 0xC0, 0x00, 0xA0, 0x00, 0x90, 0x00, 0x88, 0x00, 0x84, 0x00, 0x00, 0x00, 0x00, 0x00, 0x00, 0x00, 0x00, 0x00, 0x00, 0x00, 0x00, 0x00, 0x00, 0x00}},  // K
    {0x004C, 6, {0x00, 0x00, 0x00, 0x00, 0x00, 0x00, 0x00, 0x00, 0x80, 0x00, 0x80, 0x00, 0x80, 0x00, 0x80, 0x00, 0x80, 0x00, 0x80, 0x00, 0x80, 0x00, 0x80, 0x00, 0xF8, 0x00, 0x00, 0x00, 0x00, 0x00, 0x00, 0x00, 0x00, 0x00, 0x00, 0x00, 0x00, 0x00, 0x00, 0x00}},  // L
    {0x004D, 8, {0x00, 0x00, 0x00, 0x00, 0x00, 0x00, 0x00, 0x00, 0x82, 0x00, 0x82, 0x00, 0xC6, 0x00, 0xC6, 0x00, 0xAA, 0x00, 0xAA, 0x00, 0x92, 0x00, 0x92, 0x00, 0x92, 0x00, 0x00, 0x00, 0x00, 0x00, 0x00, 0x00, 0x00, 0x00, 0x00, 0x00, 0x00, 0x00, 0x00, 0x00}},  // M
    {0x004E, 7, {0x00, 0x00, 0x00, 0x00, 0x00, 0x00, 0x00, 0x00, 0x84, 0x00, 0xC4, 0x00, 0xA4, 0x00, 0xA4, 0x00, 0x94, 0x00, 0x94, 0x00, 0x8C, 0x00, 0x8C, 0x00, 0x84, 0x00, 0x00, 0x00, 0x00, 0x00, 0x00, 0x00, 0x00, 0x00, 0x00, 0x00, 0x00, 0x00, 0x00, 0x00}},  // N
    {0x004F, 8, {0x00, 0x00, 0x00, 0x00, 0x00, 0x00, 0x00, 0x00, 0x38, 0x00, 0x44, 0x00, 0x82, 0x00, 0x82, 0x00, 0x82, 0x00, 0x82, 0x00, 0x82, 0x00, 0x44, 0x00, 0x38, 0x00, 0x00, 0x00, 0x00, 0x00, 0x00, 0x00, 0x00, 0x00, 0x00, 0x00, 0x00, 0x00, 0x00, 0x00}},  // O
    {0x0050, 7, {0x00, 0x00, 0x00, 0x00, 0x00, 0x00, 0x00, 0x00, 0xF8, 0x00, 0x84, 0x00, 0x84, 0x00, 0x84, 0x00, 0xF8, 0x00, 0x80, 0x00, 0x80, 0x00, 0x80, 0x00, 0x80, 0x00, 0x00, 0x00, 0x00, 0x00, 0x00, 0x00, 0x00, 0x00, 0x00, 0x00, 0x00, 0x00, 0x00, 0x00}},  // P
    {0x0051, 8, {0x00, 0x00, 0x00, 0x00, 0x00, 0x00, 0x00, 0x00, 0x38, 0x00, 0x44, 0x00, 0x82, 0x00, 0x82, 0x00, 0x82, 0x00, 0x82, 0x00, 0x8A, 0x00, 0x44, 0x00, 0x3A, 0x00, 0x00, 0x00, 0x00, 0x00, 0x00, 0x00, 0x00, 0x00, 0x00, 0x00, 0x00, 0x00, 0x00, 0x00}},  // Q
    {0x0052, 7, {0x00, 0x00, 0x00, 0x00, 0x00, 0x00, 0x00, 0x00, 0xF8, 0x00, 0x84, 0x00, 0x84, 0x00, 0x84, 0x00, 0xF8, 0x00, 0x90, 0x00, 0x88, 0x00, 0x88, 0x00, 0x84, 0x00, 0x00, 0x00, 0x00, 0x00, 0x00, 0x00, 0x00, 0x00, 0x00, 0x00, 0x00, 0x00, 0x00, 0x00}},  // R
    {0x0053, 7, {0x00, 0x00, 0x00, 0x00, 0x00, 0x00, 0x00, 0x00, 0x78, 0x00, 0x84, 0x00, 0x80, 0x00, 0x40, 0x00, 0x30, 0x00, 0x08, 0x00, 0x04, 0x00, 0x84, 0x00, 0x78, 0x00, 0x00, 0x00, 0x00, 0x00, 0x00, 0x00, 0x00, 0x00, 0x00, 0x00, 0x00, 0x00, 0x00, 0x00}},  // S
    {0x0054, 8, {0x00, 0x00, 0x00, 0x00, 0x00, 0x00, 0x00, 0x00, 0xFE, 0x00, 0x10, 0x00, 0x10, 0x00, 0x10, 0x00, 0x10, 0x00, 0x10, 0x00, 0x10, 0x00, 0x10, 0x00, 0x10, 0x00, 0x00, 0x00, 0x00, 0x00, 0x00, 0x00, 0x00, 0x00, 0x00, 0x00, 0x00, 0x00, 0x00, 0x00}},  // T
    {0x0055, 7, {0x00, 0x00, 0x00, 0x00, 0x00, 0x00, 0x00, 0x00, 0x84, 0x00, 0x84, 0x00, 0x84, 0x00, 0x84, 0x00, 0x84, 0x00, 0x84, 0x00, 0x84, 0x00, 0x84, 0x00, 0x78, 0x00, 0x00, 0x00, 0x00, 0x00, 0x00, 0x00, 0x00, 0x00, 0x00, 0x00, 0x00, 0x00, 0x00, 0x00}},  // U
    {0x0056, 8, {0x00, 0x00, 0x00, 0x00, 0x00, 0x00, 0x00, 0x00, 0x82, 0x00, 0x82, 0x00, 0x44, 0x00, 0x44, 0x00, 0x44, 0x00, 0x28, 0x00, 0x28, 0x00, 0x10, 0x00, 0x10, 0x00, 0x00, 0x00, 0x00, 0x00, 0x00, 0x00, 0x00, 0x00, 0x00, 0x00, 0x00, 0x00, 0x00, 0x00}},  // V
    {0x0057, 10, {0x00, 0x00, 0x00, 0x00, 0x00, 0x00, 0x00, 0x00, 0x88, 0x80, 0x88, 0x80, 0x88, 0x80, 0x55, 0x00, 0x55, 0x00, 0x55, 0x00, 0x22, 0x00, 0x22, 0x00, 0x22, 0x00, 0x00, 0x00, 0x00, 0x00, 0x00, 0x00, 0x00, 0x00, 0x00, 0x00, 0x00, 0x00, 0x00, 0x00}},  // W
    {0x0058, 8, {0x00, 0x00, 0x00, 0x00, 0x00, 0x00, 0x00, 0x00, 0x82, 0x00, 0x44, 0x00, 0x44, 0x00, 0x28, 0x00, 0x10, 0x00, 0x28, 0x00, 0x44, 0x00, 0x44, 0x00, 0x82, 0x00, 0x00, 0x00, 0x00, 0x00, 0x00, 0x00, 0x00, 0x00, 0x00, 0x00, 0x00, 0x00, 0x00, 0x00}},  // X
    {0x0059, 8, {0x00, 0x00, 0x00, 0x00, 0x00, 0x00, 0x00, 0x00, 0x82, 0x00, 0x44, 0x00, 0x44, 0x00, 0x28, 0x00, 0x28, 0x00, 0x10, 0x00, 0x10, 0x00, 0x10, 0x00, 0x10, 0x00, 0x00, 0x00, 0x00, 0x00, 0x00, 0x00, 0x00, 0x00, 0x00, 0x00, 0x00, 0x00, 0x00, 0x00}},  // Y
    {0x005A, 7, {0x00, 0x00, 0x00, 0x00, 0x00, 0x00, 0x00, 0x00, 0xFC, 0x00, 0x04, 0x00, 0x08, 0x00, 0x10, 0x00, 0x20, 0x00, 0x20, 0x00, 0x40, 0x00, 0x80, 0x00, 0xFC, 0x00, 0x00, 0x00, 0x00, 0x00, 0x00, 0x00, 0x00, 0x00, 0x00, 0x00, 0x00, 0x00, 0x00, 0x00}},  // Z
    {0x005B, 6, {0x00, 0x00, 0x00, 0x00, 0x00, 0x00, 0x70, 0x00, 0x40, 0x00, 0x40, 0x00, 0x40, 0x00, 0x40, 0x00, 0x40, 0x00, 0x40, 0x00, 0x40, 0x00, 0x40, 0x00, 0x40, 0x00, 0x70, 0x00, 0x00, 0x00, 0x00, 0x00, 0x00, 0x00, 0x00, 0x00, 0x00, 0x00, 0x00, 0x00}},  // [
    {0x005C, 6, {0x00, 0x00, 0x00, 0x00, 0x00, 0x00, 0x80, 0x00, 0x80, 0x00, 0x40, 0x00, 0x40, 0x00, 0x20, 0x00, 0x20, 0x00, 0x20, 0x00, 0x10, 0x00, 0x10, 0x00, 0x08, 0x00, 0x08, 0x00, 0x00, 0x00, 0x00, 0x00, 0x00, 0x00, 0x00, 0x00, 0x00, 0x00, 0x00, 0x00}},  // U+005C
    {0x005D, 6, {0x00, 0x00, 0x00, 0x00, 0x00, 0x00, 0x70, 0x00, 0x10, 0x00, 0x10, 0x00, 0x10, 0x00, 0x10, 0x00, 0x10, 0x00, 0x10, 0x00, 0x10, 0x00, 0x10, 0x00, 0x10, 0x00, 0x70, 0x00, 0x00, 0x00, 0x00, 0x00, 0x00, 0x00, 0x00, 0x00, 0x00, 0x00, 0x00, 0x00}},  // ]
    {0x005E, 6, {0x00, 0x00, 0x00, 0x00, 0x00, 0x00, 0x00, 0x00, 0x20, 0x00, 0x50, 0x00, 0x88, 0x00, 0x00, 0x00, 0x00, 0x00, 0x00, 0x00, 0x00, 0x00, 0x00, 0x00, 0x00, 0x00, 0x00, 0x00, 0x00, 0x00, 0x00, 0x00, 0x00, 0x00, 0x00, 0x00, 0x00, 0x00, 0x00, 0x00}},  // ^
    {0x005F, 6, {0x00, 0x00, 0x00, 0x00, 0x00, 0x00, 0x00, 0x00, 0x00, 0x00, 0x00, 0x00, 0x00, 0x00, 0x00, 0x00, 0x00, 0x00, 0x00, 0x00, 0x00, 0x00, 0x00, 0x00, 0x00, 0x00, 0x00, 0x00, 0xF8, 0x00, 0x00, 0x00, 0x00, 0x00, 0x00, 0x00, 0x00, 0x00, 0x00, 0x00}},  // _
    {0x0060, 5, {0x00, 0x00, 0x00, 0x00, 0x00, 0x00, 0x00, 0x00, 0x40, 0x00, 0x20, 0x00, 0x00, 0x00, 0x00, 0x00, 0x00, 0x00, 0x00, 0x00, 0x00, 0x00, 0x00, 0x00, 0x00, 0x00, 0x00, 0x00, 0x00, 0x00, 0x00, 0x00, 0x00, 0x00, 0x00, 0x00, 0x00, 0x00, 0x00, 0x00}},  // `
    {0x0061, 6, {0x00, 0x00, 0x00, 0x00, 0x00, 0x00, 0x00, 0x00, 0x00, 0x00, 0x00, 0x00, 0x00, 0x00, 0x70, 0x00, 0x08, 0x00, 0x78, 0x00, 0x88, 0x00, 0x88, 0x00, 0x78, 0x00, 0x00, 0x00, 0x00, 0x00, 0x00, 0x00, 0x00, 0x00, 0x00, 0x00, 0x00, 0x00, 0x00, 0x00}},  // a
    {0x0062, 6, {0x00, 0x00, 0x00, 0x00, 0x00, 0x00, 0x00, 0x00, 0x80, 0x00, 0x80, 0x00, 0x80, 0x00, 0xF0, 0x00, 0x88, 0x00, 0x88, 0x00, 0x88, 0x00, 0x88, 0x00, 0xF0, 0x00, 0x00, 0x00, 0x00, 0x00, 0x00, 0x00, 0x00, 0x00, 0x00, 0x00, 0x00, 0x00, 0x00, 0x00}},  // b
    {0x0063, 6, {0x00, 0x00, 0x00, 0x00, 0x00, 0x00, 0x00, 0x00, 0x00, 0x00, 0x00, 0x00, 0x00, 0x00, 0x70, 0x00, 0x88, 0x00, 0x80, 0x00, 0x80, 0x00, 0x88, 0x00, 0x70, 0x00, 0x00, 0x00, 0x00, 0x00, 0x00, 0x00, 0x00, 0x00, 0x00, 0x00, 0x00, 0x00, 0x00, 0x00}},  // c
    {0x0064, 6, {0x00, 0x00, 0x00, 0x00, 0x00, 0x00, 0x00, 0x00, 0x08, 0x00, 0x08, 0x00, 0x08, 0x00, 0x78, 0x00, 0x88, 0x00, 0x88, 0x00, 0x88, 0x00, 0x88, 0x00, 0x78, 0x00, 0x00, 0x00, 0x00, 0x00, 0x00, 0x00, 0x00, 0x00, 0x00, 0x00, 0x00, 0x00, 0x00, 0x00}},  // d
    {0x0065, 6, {0x00, 0x00, 0x00, 0x00, 0x00, 0x00, 0x00, 0x00, 0x00, 0x00, 0x00, 0x00, 0x00, 0x00, 0x70, 0x00, 0x88, 0x00, 0xF8, 0x00, 0x80, 0x00, 0x88, 0x00, 0x70, 0x00, 0x00, 0x00, 0x00, 0x00, 0x00, 0x00, 0x00, 0x00, 0x00, 0x00, 0x00, 0x00, 0x00, 0x00}},  // e
    {0x0066, 5, {0x00, 0x00, 0x00, 0x00, 0x00, 0x00, 0x00, 0x00, 0x30, 0x00, 0x40, 0x00, 0x40, 0x00, 0xF0, 0x00, 0x40, 0x00, 0x40, 0x00, 0x40, 0x00, 0x40, 0x00, 0x40, 0x00, 0x00, 0x00, 0x00, 0x00, 0x00, 0x00, 0x00, 0x00, 0x00, 0x00, 0x00, 0x00, 0x00, 0x00}},  // f
    {0x0067, 6, {0x00, 0x00, 0x00, 0x00, 0x00, 0x00, 0x00, 0x00, 0x00, 0x00, 0x00, 0x00, 0x00, 0x00, 0x78, 0x00, 0x88, 0x00, 0x88, 0x00, 0x88, 0x00, 0x88, 0x00, 0x78, 0x00, 0x08, 0x00, 0x70, 0x00, 0x00, 0x00, 0x00, 0x00, 0x00, 0x00, 0x00, 0x00, 0x00, 0x00}},  // g
    {0x0068, 6, {0x00, 0x00, 0x00, 0x00, 0x00, 0x00, 0x00, 0x00, 0x80, 0x00, 0x80, 0x00, 0x80, 0x00, 0xB0, 0x00, 0xC8, 0x00, 0x88, 0x00, 0x88, 0x00, 0x88, 0x00, 0x88, 0x00, 0x00, 0x00, 0x00, 0x00, 0x00, 0x00, 0x00, 0x00, 0x00, 0x00, 0x00, 0x00, 0x00, 0x00}},  // h
    {0x0069, 4, {0x00, 0x00, 0x00, 0x00, 0x00, 0x00, 0x00, 0x00, 0x40, 0x00, 0x00, 0x00, 0x00, 0x00, 0xC0, 0x00, 0x40, 0x00, 0x40, 0x00, 0x40, 0x00, 0x40, 0x00, 0xE0, 0x00, 0x00, 0x00, 0x00, 0x00, 0x00, 0x00, 0x00, 0x00, 0x00, 0x00, 0x00, 0x00, 0x00, 0x00}},  // i
    {0x006A, 4, {0x00, 0x00, 0x00, 0x00, 0x00, 0x00, 0x00, 0x00, 0x20, 0x00, 0x00, 0x00, 0x00, 0x00, 0xE0, 0x00, 0x20, 0x00, 0x20, 0x00, 0x20, 0x00, 0x20, 0x00, 0x20, 0x00, 0x20, 0x00, 0xC0, 0x00, 0x00, 0x00, 0x00, 0x00, 0x00, 0x00, 0x00, 0x00, 0x00, 0x00}},  // j
    {0x006B, 6, {0x00, 0x00, 0x00, 0x00, 0x00, 0x00, 0x00, 0x00, 0x80, 0x00, 0x80, 0x00, 0x80, 0x00, 0x88, 0x00, 0xB0, 0x00, 0xC0, 0x00, 0xA0, 0x00, 0x90, 0x00, 0x88, 0x00, 0x00, 0x00, 0x00, 0x00, 0x00, 0x00, 0x00, 0x00, 0x00, 0x00, 0x00, 0x00, 0x00, 0x00}},  // k
    {0x006C, 4, {0x00, 0x00, 0x00, 0x00, 0x00, 0x00, 0x00, 0x00, 0xC0, 0x00, 0x40, 0x00, 0x40, 0x00, 0x40, 0x00, 0x40, 0x00, 0x40, 0x00, 0x40, 0x00, 0x40, 0x00, 0x60, 0x00, 0x00, 0x00, 0x00, 0x00, 0x00, 0x00, 0x00, 0x00, 0x00, 0x00, 0x00, 0x00, 0x00, 0x00}},  // l
    {0x006D, 8, {0x00, 0x00, 0x00, 0x00, 0x00, 0x00, 0x00, 0x00, 0x00, 0x00, 0x00, 0x00, 0x00, 0x00, 0xEC, 0x00, 0x92, 0x00, 0x92, 0x00, 0x92, 0x00, 0x92, 0x00, 0x92, 0x00, 0x00, 0x00, 0x00, 0x00, 0x00, 0x00, 0x00, 0x00, 0x00, 0x00, 0x00, 0x00, 0x00, 0x00}},  // m
    {0x006E, 6, {0x00, 0x00, 0x00, 0x00, 0x00, 0x00, 0x00, 0x00, 0x00, 0x00, 0x00, 0x00, 0x00, 0x00, 0xB0, 0x00, 0xC8, 0x00, 0x88, 0x00, 0x88, 0x00, 0x88, 0x00, 0x88, 0x00, 0x00, 0x00, 0x00, 0x00, 0x00, 0x00, 0x00, 0x00, 0x00, 0x00, 0x00, 0x00, 0x00, 0x00}},  // n
    {0x006F, 6, {0x00, 0x00, 0x00, 0x00, 0x00, 0x00, 0x00, 0x00, 0x00, 0x00, 0x00, 0x00, 0x00, 0x00, 0x70, 0x00, 0x88, 0x00, 0x88, 0x00, 0x88, 0x00, 0x88, 0x00, 0x70, 0x00, 0x00, 0x00, 0x00, 0x00, 0x00, 0x00, 0x00, 0x00, 0x00, 0x00, 0x00, 0x00, 0x00, 0x00}},  // o
    {0x0070, 6, {0x00, 0x00, 0x00, 0x00, 0x00, 0x00, 0x00, 0x00, 0x00, 0x00, 0x00, 0x00, 0x00, 0x00, 0xF0, 0x00, 0x88, 0x00, 0x88, 0x00, 0x88, 0x00, 0x88, 0x00, 0xF0, 0x00, 0x80, 0x00, 0x80, 0x00, 0x00, 0x00, 0x00, 0x00, 0x00, 0x00, 0x00, 0x00, 0x00, 0x00}},  // p
    {0x0071, 6, {0x00, 0x00, 0x00, 0x00, 0x00, 0x00, 0x00, 0x00, 0x00, 0x00, 0x00, 0x00, 0x00, 0x00, 0x78, 0x00, 0x88, 0x00, 0x88, 0x00, 0x88, 0x00, 0x88, 0x00, 0x78, 0x00, 0x08, 0x00, 0x08, 0x00, 0x00, 0x00, 0x00, 0x00, 0x00, 0x00, 0x00, 0x00, 0x00, 0x00}},  // q
    {0x0072, 5, {0x00, 0x00, 0x00, 0x00, 0x00, 0x00, 0x00, 0x00, 0x00, 0x00, 0x00, 0x00, 0x00, 0x00, 0xB0, 0x00, 0xC0, 0x00, 0x80, 0x00, 0x80, 0x00, 0x80, 0x00, 0x80, 0x00, 0x00, 0x00, 0x00, 0x00, 0x00, 0x00, 0x00, 0x00, 0x00, 0x00, 0x00, 0x00, 0x00, 0x00}},  // r
    {0x0073, 6, {0x00, 0x00, 0x00, 0x00, 0x00, 0x00, 0x00, 0x00, 0x00, 0x00, 0x00, 0x00, 0x00, 0x00, 0x70, 0x00, 0x88, 0x00, 0x60, 0x00, 0x10, 0x00, 0x88, 0x00, 0x70, 0x00, 0x00, 0x00, 0x00, 0x00, 0x00, 0x00, 0x00, 0x00, 0x00, 0x00, 0x00, 0x00, 0x00, 0x00}},  // s
    {0x0074, 5, {0x00, 0x00, 0x00, 0x00, 0x00, 0x00, 0x00, 0x00, 0x40, 0x00, 0x40, 0x00, 0x40, 0x00, 0xF0, 0x00, 0x40, 0x00, 0x40, 0x00, 0x40, 0x00, 0x40, 0x00, 0x30, 0x00, 0x00, 0x00, 0x00, 0x00, 0x00, 0x00, 0x00, 0x00, 0x00, 0x00, 0x00, 0x00, 0x00, 0x00}},  // t
    {0x0075, 6, {0x00, 0x00, 0x00, 0x00, 0x00, 0x00, 0x00, 0x00, 0x00, 0x00, 0x00, 0x00, 0x00, 0x00, 0x88, 0x00, 0x88, 0x00, 0x88, 0x00, 0x88, 0x00, 0x98, 0x00, 0x68, 0x00, 0x00, 0x00, 0x00, 0x00, 0x00, 0x00, 0x00, 0x00, 0x00, 0x00, 0x00, 0x00, 0x00, 0x00}},  // u
    {0x0076, 6, {0x00, 0x00, 0x00, 0x00, 0x00, 0x00, 0x00, 0x00, 0x00, 0x00, 0x00, 0x00, 0x00, 0x00, 0x88, 0x00, 0x88, 0x00, 0x50, 0x00, 0x50, 0x00, 0x20, 0x00, 0x20, 0x00, 0x00, 0x00, 0x00, 0x00, 0x00, 0x00, 0x00, 0x00, 0x00, 0x00, 0x00, 0x00, 0x00, 0x00}},  // v
    {0x0077, 8, {0x00, 0x00, 0x00, 0x00, 0x00, 0x00, 0x00, 0x00, 0x00, 0x00, 0x00, 0x00, 0x00, 0x00, 0x92, 0x00, 0x92, 0x00, 0xAA, 0x00, 0xAA, 0x00, 0x44, 0x00, 0x44, 0x00, 0x00, 0x00, 0x00, 0x00, 0x00, 0x00, 0x00, 0x00, 0x00, 0x00, 0x00, 0x00, 0x00, 0x00}},  // w
    {0x0078, 6, {0x00, 0x00, 0x00, 0x00, 0x00, 0x00, 0x00, 0x00, 0x00, 0x00, 0x00, 0x00, 0x00, 0x00, 0x88, 0x00, 0x50, 0x00, 0x20, 0x00, 0x20, 0x00, 0x50, 0x00, 0x88, 0x00, 0x00, 0x00, 0x00, 0x00, 0x00, 0x00, 0x00, 0x00, 0x00, 0x00, 0x00, 0x00, 0x00, 0x00}},  // x
    {0x0079, 6, {0x00, 0x00, 0x00, 0x00, 0x00, 0x00, 0x00, 0x00, 0x00, 0x00, 0x00, 0x00, 0x00, 0x00, 0x88, 0x00, 0x88, 0x00, 0x88, 0x00, 0x50, 0x00, 0x50, 0x00, 0x20, 0x00, 0x20, 0x00, 0xC0, 0x00, 0x00, 0x00, 0x00, 0x00, 0x00, 0x00, 0x00, 0x00, 0x00, 0x00}},  // y
    {0x007A, 6, {0x00, 0x00, 0x00, 0x00, 0x00, 0x00, 0x00, 0x00, 0x00, 0x00, 0x00, 0x00, 0x00, 0x00, 0xF8, 0x00, 0x10, 0x00, 0x20, 0x00, 0x40, 0x00, 0x80, 0x00, 0xF8, 0x00, 0x00, 0x00, 0x00, 0x00, 0x00, 0x00, 0x00, 0x00, 0x00, 0x00, 0x00, 0x00, 0x00, 0x00}},  // z
    {0x007B, 7, {0x00, 0x00, 0x00, 0x00, 0x00, 0x00, 0x18, 0x00, 0x20, 0x00, 0x20, 0x00, 0x20, 0x00, 0x20, 0x00, 0x40, 0x00, 0x20, 0x00, 0x20, 0x00, 0x20, 0x00, 0x20, 0x00, 0x18, 0x00, 0x00, 0x00, 0x00, 0x00, 0x00, 0x00, 0x00, 0x00, 0x00, 0x00, 0x00, 0x00}},  // {
    {0x007C, 4, {0x00, 0x00, 0x00, 0x00, 0x00, 0x00, 0x40, 0x00, 0x40, 0x00, 0x40, 0x00, 0x40, 0x00, 0x40, 0x00, 0x40, 0x00, 0x40, 0x00, 0x40, 0x00, 0x40, 0x00, 0x40, 0x00, 0x40, 0x00, 0x00, 0x00, 0x00, 0x00, 0x00, 0x00, 0x00, 0x00, 0x00, 0x00, 0x00, 0x00}},  // |
    {0x007D, 7, {0x00, 0x00, 0x00, 0x00, 0x00, 0x00, 0x60, 0x00, 0x10, 0x00, 0x10, 0x00, 0x10, 0x00, 0x10, 0x00, 0x08, 0x00, 0x10, 0x00, 0x10, 0x00, 0x10, 0x00, 0x10, 0x00, 0x60, 0x00, 0x00, 0x00, 0x00, 0x00, 0x00, 0x00, 0x00, 0x00, 0x00, 0x00, 0x00, 0x00}},  // }
    {0x007E, 6, {0x00, 0x00, 0x00, 0x00, 0x00, 0x00, 0x00, 0x00, 0x00, 0x00, 0x00, 0x00, 0x00, 0x00, 0x40, 0x00, 0xA8, 0x00, 0x10, 0x00, 0x00, 0x00, 0x00, 0x00, 0x00, 0x00, 0x00, 0x00, 0x00, 0x00, 0x00, 0x00, 0x00, 0x00, 0x00, 0x00, 0x00, 0x00, 0x00, 0x00}},  // ~
    {0x2103, 12, {0x00, 0x00, 0x00, 0x00, 0x00, 0x00, 0x60, 0x00, 0x91, 0xC0, 0x92, 0x20, 0x64, 0x00, 0x04, 0x00, 0x04, 0x00, 0x04, 0x00, 0x04, 0x00, 0x02, 0x20, 0x01, 0xC0, 0x00, 0x00, 0x00, 0x00, 0x00, 0x00, 0x00, 0x00, 0x00, 0x00, 0x00, 0x00, 0x00, 0x00}},  // ℃
    {0x2191, 12, {0x00, 0x00, 0x00, 0x00, 0x00, 0x00, 0x04, 0x00, 0x0E, 0x00, 0x15, 0x00, 0x04, 0x00, 0x04, 0x00, 0x04, 0x00, 0x04, 0x00, 0x04, 0x00, 0x04, 0x00, 0x04, 0x00, 0x04, 0x00, 0x00, 0x00, 0x00, 0x00, 0x00, 0x00, 0x00, 0x00, 0x00, 0x00, 0x00, 0x00}},  // ↑
    {0x2193, 12, {0x00, 0x00, 0x00, 0x00, 0x00, 0x00, 0x04, 0x00, 0x04, 0x00, 0x04, 0x00, 0x04, 0x00, 0x04, 0x00, 0x04, 0x00, 0x04, 0x00, 0x04, 0x00, 0x15, 0x00, 0x0E, 0x00, 0x04, 0x00, 0x00, 0x00, 0x00, 0x00, 0x00, 0x00, 0x00, 0x00, 0x00, 0x00, 0x00, 0x00}},  // ↓
    {0x4E0A, 12, {0x00, 0x00, 0x00, 0x00, 0x00, 0x00, 0x04, 0x00, 0x04, 0x00, 0x04, 0x00, 0x04, 0x00, 0x07, 0xC0, 0x04, 0x00, 0x04, 0x00, 0x04, 0x00, 0x04, 0x00, 0x04, 0x00, 0xFF, 0xE0, 0x00, 0x00, 0x00, 0x00, 0x00, 0x00, 0x00, 0x00, 0x00, 0x00, 0x00, 0x00}},  // 上
    {0x4E0B, 12, {0x00, 0x00, 0x00, 0x00, 0x00, 0x00, 0xFF, 0xE0, 0x04, 0x00, 0x04, 0x00, 0x04, 0x00, 0x05, 0x00, 0x04, 0x80, 0x04, 0x40, 0x04, 0x00, 0x04, 0x00, 0x04, 0x00, 0x04, 0x00, 0x00, 0x00, 0x00, 0x00, 0x00, 0x00, 0x00, 0x00, 0x00, 0x00, 0x00, 0x00}},  // 下
    {0x4E0D, 12, {0x00, 0x00, 0x00, 0x00, 0x00, 0x00, 0xFF, 0xE0, 0x02, 0x00, 0x04, 0x00, 0x0C, 0x00, 0x15, 0x00, 0x24, 0x80, 0xC4, 0x40, 0x04, 0x20, 0x04, 0x00, 0x04, 0x00, 0x04, 0x00, 0x00, 0x00, 0x00, 0x00, 0x00, 0x00, 0x00, 0x00, 0x00, 0x00, 0x00, 0x00}},  // 不
    {0x4E2D, 12, {0x00, 0x00, 0x00, 0x00, 0x00, 0x00, 0x04, 0x00, 0x04, 0x00, 0xFF, 0xE0, 0x84, 0x20, 0x84, 0x20, 0x84, 0x20, 0xFF, 0xE0, 0x04, 0x00, 0x04, 0x00, 0x04, 0x00, 0x04, 0x00, 0x00, 0x00, 0x00, 0x00, 0x00, 0x00, 0x00, 0x00, 0x00, 0x00, 0x00, 0x00}},  // 中
    {0x4EE4, 12, {0x00, 0x00, 0x00, 0x00, 0x00, 0x00, 0x04, 0x00, 0x0A, 0x00, 0x31, 0x80, 0xC0, 0x60, 0x04, 0x00, 0x02, 0x00, 0x7F, 0xC0, 0x00, 0x80, 0x19, 0x00, 0x06, 0x00, 0x01, 0x80, 0x00, 0x00, 0x00, 0x00, 0x00, 0x00, 0x00, 0x00, 0x00, 0x00, 0x00, 0x00}},  // 令
    {0x4EF6, 12, {0x00, 0x00, 0x00, 0x00, 0x00, 0x00, 0x29, 0x00, 0x29, 0x00, 0x4F, 0xE0, 0x51, 0x00, 0xC1, 0x00, 0x41, 0x00, 0x5F, 0xE0, 0x41, 0x00, 0x41, 0x00, 0x41, 0x00, 0x41, 0x00, 0x00, 0x00, 0x00, 0x00, 0x00, 0x00, 0x00, 0x00, 0x00, 0x00, 0x00, 0x00}},  // 件
    {0x4FDD, 12, {0x00, 0x00, 0x00, 0x00, 0x00, 0x00, 0x2F, 0xC0, 0x28, 0x40, 0x48, 0x40, 0x4F, 0xC0, 0xC1, 0x00, 0x41, 0x00, 0x5F, 0xE0, 0x43, 0x80, 0x45, 0x40, 0x59, 0x20, 0x41, 0x00, 0x00, 0x00, 0x00, 0x00, 0x00, 0x00, 0x00, 0x00, 0x00, 0x00, 0x00, 0x00}},  // 保
    {0x4FE1, 12, {0x00, 0x00, 0x00, 0x00, 0x00, 0x00, 0x22, 0x00, 0x21, 0x00, 0x5F, 0xE0, 0x40, 0x00, 0xCF, 0xC0, 0x40, 0x00, 0x4F, 0xC0, 0x40, 0x00, 0x4F, 0xC0, 0x48, 0x40, 0x4F, 0xC0, 0x00, 0x00, 0x00, 0x00, 0x00, 0x00, 0x00, 0x00, 0x00, 0x00, 0x00, 0x00}},  // 信
    {0x50A8, 12, {0x00, 0x00, 0x00, 0x00, 0x00, 0x00, 0x20, 0x80, 0x33, 0xE0, 0x48, 0xA0, 0x40, 0xC0, 0xC3, 0xE0, 0x58, 0x80, 0x49, 0xE0, 0x4B, 0x20, 0x49, 0xE0, 0x4D, 0x20, 0x49, 0xE0, 0x00, 0x00, 0x00, 0x00, 0x00, 0x00, 0x00, 0x00, 0x00, 0x00, 0x00, 0x00}},  // 储
    {0x5145, 12, {0x00, 0x00, 0x00, 0x00, 0x00, 0x00, 0x04, 0x00, 0xFF, 0xE0, 0x08, 0x00, 0x11, 0x00, 0x20, 0x80, 0x7F, 0xC0, 0x11, 0x40, 0x11, 0x00, 0x11, 0x00, 0x21, 0x20, 0xC1, 0xE0, 0x00, 0x00, 0x00, 0x00, 0x00, 0x00, 0x00, 0x00, 0x00, 0x00, 0x00, 0x00}},  // 充
    {0x514B, 12, {0x00, 0x00, 0x00, 0x00, 0x00, 0x00, 0x04, 0x00, 0xFF, 0xE0, 0x04, 0x00, 0x7F, 0xC0, 0x40, 0x40, 0x40, 0x40, 0x7F, 0xC0, 0x11, 0x00, 0x11, 0x20, 0x21, 0x20, 0xC1, 0xE0, 0x00, 0x00, 0x00, 0x00, 0x00, 0x00, 0x00, 0x00, 0x00, 0x00, 0x00, 0x00}},  // 克
    {0x5165, 12, {0x00, 0x00, 0x00, 0x00, 0x00, 0x00, 0x10, 0x00, 0x08, 0x00, 0x04, 0x00, 0x04, 0x00, 0x0A, 0x00, 0x0A, 0x00, 0x11, 0x00, 0x11, 0x00, 0x20, 0x80, 0x40, 0x40, 0x80, 0x20, 0x00, 0x00, 0x00, 0x00, 0x00, 0x00, 0x00, 0x00, 0x00, 0x00, 0x00, 0x00}},  // 入
    {0x5173, 12, {0x00, 0x00, 0x00, 0x00, 0x00, 0x00, 0x20, 0x80, 0x11, 0x00, 0x7F, 0xC0, 0x04, 0x00, 0x04, 0x00, 0x04, 0x00, 0xFF, 0xE0, 0x0A, 0x00, 0x11, 0x00, 0x20, 0x80, 0xC0, 0x60, 0x00, 0x00, 0x00, 0x00, 0x00, 0x00, 0x00, 0x00, 0x00, 0x00, 0x00, 0x00}},  // 关
    {0x5177, 12, {0x00, 0x00, 0x00, 0x00, 0x00, 0x00, 0x3F, 0x80, 0x20, 0x80, 0x3F, 0x80, 0x20, 0x80, 0x3F, 0x80, 0x20, 0x80, 0x3F, 0x80, 0x20, 0x80, 0xFF, 0xE0, 0x20, 0x80, 0xC0, 0x60, 0x00, 0x00, 0x00, 0x00, 0x00, 0x00, 0x00, 0x00, 0x00, 0x00, 0x00, 0x00}},  // 具
    {0x5185, 12, {0x00, 0x00, 0x00, 0x00, 0x00, 0x00, 0x04, 0x00, 0x04, 0x00, 0xFF, 0xE0, 0x84, 0x20, 0x84, 0x20, 0x8A, 0x20, 0x91, 0x20, 0xA0, 0xA0, 0x80, 0x20, 0x80, 0x20, 0x80, 0xE0, 0x00, 0x00, 0x00, 0x00, 0x00, 0x00, 0x00, 0x00, 0x00, 0x00, 0x00, 0x00}},  // 内
    {0x51FA, 12, {0x00, 0x00, 0x00, 0x00, 0x00, 0x00, 0x04, 0x00, 0x44, 0x40, 0x44, 0x40, 0x44, 0x40, 0x7F, 0xC0, 0x04, 0x00, 0x04, 0x00, 0x84, 0x20, 0x84, 0x20, 0x84, 0x20, 0xFF, 0xE0, 0x00, 0x00, 0x00, 0x00, 0x00, 0x00, 0x00, 0x00, 0x00, 0x00, 0x00, 0x00}},  // 出
    {0x5236, 12, {0x00, 0x00, 0x00, 0x00, 0x00, 0x00, 0x50, 0x20, 0x7E, 0xA0, 0x90, 0xA0, 0x10, 0xA0, 0xFE, 0xA0, 0x10, 0xA0, 0xFE, 0xA0, 0x92, 0xA0, 0x92, 0x20, 0x96, 0x20, 0x10, 0xE0, 0x00, 0x00, 0x00, 0x00, 0x00, 0x00, 0x00, 0x00, 0x00, 0x00, 0x00, 0x00}},  // 制
    {0x524D, 12, {0x00, 0x00, 0x00, 0x00, 0x00, 0x00, 0x20, 0x80, 0x11, 0x00, 0xFF, 0xE0, 0x00, 0x00, 0x7D, 0x40, 0x45, 0x40, 0x7D, 0x40, 0x45, 0x40, 0x7D, 0x40, 0x44, 0x40, 0x4C, 0xC0, 0x00, 0x00, 0x00, 0x00, 0x00, 0x00, 0x00, 0x00, 0x00, 0x00, 0x00, 0x00}},  // 前
    {0x526A, 12, {0x00, 0x00, 0x00, 0x00, 0x00, 0x00, 0x11, 0x00, 0xFF, 0xE0, 0x00, 0x00, 0x7D, 0x40, 0x45, 0x40, 0x7D, 0x40, 0x44, 0xC0, 0x00, 0x00, 0xFF, 0xC0, 0x10, 0x40, 0xE1, 0x80, 0x00, 0x00, 0x00, 0x00, 0x00, 0x00, 0x00, 0x00, 0x00, 0x00, 0x00, 0x00}},  // 剪
    {0x529F, 12, {0x00, 0x00, 0x00, 0x00, 0x00, 0x00, 0x02, 0x00, 0xF2, 0x00, 0x2F, 0xE0, 0x22, 0x20, 0x22, 0x20, 0x22, 0x20, 0x22, 0x20, 0x32, 0x20, 0xC4, 0x20, 0x04, 0x20, 0x08, 0xC0, 0x00, 0x00, 0x00, 0x00, 0x00, 0x00, 0x00, 0x00, 0x00, 0x00, 0x00, 0x00}},  // 功
    {0x538B, 12, {0x00, 0x00, 0x00, 0x00, 0x00, 0x00, 0x7F, 0xE0, 0x40, 0x00, 0x42, 0x00, 0x42, 0x00, 0x42, 0x00, 0x5F, 0xC0, 0x42, 0x00, 0x42, 0x80, 0x42, 0x40, 0x42, 0x00, 0xBF, 0xE0, 0x00, 0x00, 0x00, 0x00, 0x00, 0x00, 0x00, 0x00, 0x00, 0x00, 0x00, 0x00}},  // 压
    {0x53D1, 12, {0x00, 0x00, 0x00, 0x00, 0x00, 0x00, 0x49, 0x00, 0x48, 0x80, 0x88, 0x00, 0xFF, 0xE0, 0x10, 0x00, 0x1F, 0x80, 0x28, 0x80, 0x25, 0x00, 0x42, 0x00, 0x4D, 0x80, 0xB0, 0x60, 0x00, 0x00, 0x00, 0x00, 0x00, 0x00, 0x00, 0x00, 0x00, 0x00, 0x00, 0x00}},  // 发
    {0x53EF, 12, {0x00, 0x00, 0x00, 0x00, 0x00, 0x00, 0xFF, 0xE0, 0x00, 0x40, 0x00, 0x40, 0x3E, 0x40, 0x22, 0x40, 0x22, 0x40, 0x22, 0x40, 0x3E, 0x40, 0x00, 0x40, 0x00, 0x40, 0x01, 0xC0, 0x00, 0x00, 0x00, 0x00, 0x00, 0x00, 0x00, 0x00, 0x00, 0x00, 0x00, 0x00}},  // 可
    {0x53F0, 12, {0x00, 0x00, 0x00, 0x00, 0x00, 0x00, 0x08, 0x00, 0x10, 0x00, 0x20, 0x80, 0x40, 0x40, 0xFF, 0xA0, 0x00, 0x20, 0x7F, 0xC0, 0x40, 0x40, 0x40, 0x40, 0x40, 0x40, 0x7F, 0xC0, 0x00, 0x00, 0x00, 0x00, 0x00, 0x00, 0x00, 0x00, 0x00, 0x00, 0x00, 0x00}},  // 台
    {0x53F7, 12, {0x00, 0x00, 0x00, 0x00, 0x00, 0x00, 0x3F, 0x80, 0x20, 0x80, 0x20, 0x80, 0x3F, 0x80, 0x00, 0x00, 0xFF, 0xE0, 0x10, 0x00, 0x1F, 0x80, 0x00, 0x80, 0x00, 0x80, 0x07, 0x00, 0x00, 0x00, 0x00, 0x00, 0x00, 0x00, 0x00, 0x00, 0x00, 0x00, 0x00, 0x00}},  // 号
    {0x540C, 12, {0x00, 0x00, 0x00, 0x00, 0x00, 0x00, 0xFF, 0xE0, 0x80, 0x20, 0xBF, 0xA0, 0x80, 0x20, 0x9F, 0x20, 0x91, 0x20, 0x91, 0x20, 0x91, 0x20, 0x9F, 0x20, 0x80, 0x20, 0x80, 0xE0, 0x00, 0x00, 0x00, 0x00, 0x00, 0x00, 0x00, 0x00, 0x00, 0x00, 0x00, 0x00}},  // 同
    {0x5426, 12, {0x00, 0x00, 0x00, 0x00, 0x00, 0x00, 0xFF, 0xE0, 0x02, 0x00, 0x0C, 0x00, 0x35, 0x80, 0xC4, 0x60, 0x04, 0x00, 0x00, 0x00, 0x7F, 0xC0, 0x40, 0x40, 0x40, 0x40, 0x7F, 0xC0, 0x00, 0x00, 0x00, 0x00, 0x00, 0x00, 0x00, 0x00, 0x00, 0x00, 0x00, 0x00}},  // 否
    {0x544A, 12, {0x00, 0x00, 0x00, 0x00, 0x00, 0x00, 0x44, 0x00, 0x7F, 0xC0, 0x84, 0x00, 0x04, 0x00, 0xFF, 0xE0, 0x00, 0x00, 0x7F, 0xC0, 0x40, 0x40, 0x40, 0x40, 0x40, 0x40, 0x7F, 0xC0, 0x00, 0x00, 0x00, 0x00, 0x00, 0x00, 0x00, 0x00, 0x00, 0x00, 0x00, 0x00}},  // 告
    {0x547D, 12, {0x00, 0x00, 0x00, 0x00, 0x00, 0x00, 0x04, 0x00, 0x0A, 0x00, 0x31, 0x80, 0xDF, 0x60, 0x00, 0x00, 0x7B, 0xC0, 0x4A, 0x40, 0x4A, 0x40, 0x4A, 0x40, 0x7A, 0xC0, 0x02, 0x00, 0x00, 0x00, 0x00, 0x00, 0x00, 0x00, 0x00, 0x00, 0x00, 0x00, 0x00, 0x00}},  // 命
    {0x54C1, 12, {0x00, 0x00, 0x00, 0x00, 0x00, 0x00, 0x3F, 0x80, 0x20, 0x80, 0x20, 0x80, 0x20, 0x80, 0x3F, 0x80, 0x00, 0x00, 0xFB, 0xE0, 0x8A, 0x20, 0x8A, 0x20, 0x8A, 0x20, 0xFB, 0xE0, 0x00, 0x00, 0x00, 0x00, 0x00, 0x00, 0x00, 0x00, 0x00, 0x00, 0x00, 0x00}},  // 品
    {0x5668, 12, {0x00, 0x00, 0x00, 0x00, 0x00, 0x00, 0x7B, 0xC0, 0x4A, 0x40, 0x4A, 0x40, 0x7B, 0xC0, 0x05, 0x00, 0xFF, 0xE0, 0x20, 0x80, 0xFB, 0xE0, 0x4A, 0x40, 0x4A, 0x40, 0x7B, 0xC0, 0x00, 0x00, 0x00, 0x00, 0x00, 0x00, 0x00, 0x00, 0x00, 0x00, 0x00, 0x00}},  // 器
    {0x56DE, 12, {0x00, 0x00, 0x00, 0x00, 0x00, 0x00, 0xFF, 0xE0, 0x80, 0x20, 0x80, 0x20, 0x9F, 0x20, 0x91, 0x20, 0x91, 0x20, 0x91, 0x20, 0x9F, 0x20, 0x80, 0x20, 0x80, 0x20, 0xFF, 0xE0, 0x00, 0x00, 0x00, 0x00, 0x00, 0x00, 0x00, 0x00, 0x00, 0x00, 0x00, 0x00}},  // 回
    {0x56FA, 12, {0x00, 0x00, 0x00, 0x00, 0x00, 0x00, 0xFF, 0xE0, 0x84, 0x20, 0x84, 0x20, 0xBF, 0xA0, 0x84, 0x20, 0x9F, 0x20, 0x91, 0x20, 0x91, 0x20, 0x9F, 0x20, 0x80, 0x20, 0xFF, 0xE0, 0x00, 0x00, 0x00, 0x00, 0x00, 0x00, 0x00, 0x00, 0x00, 0x00, 0x00, 0x00}},  // 固
    {0x56FE, 12, {0x00, 0x00, 0x00, 0x00, 0x00, 0x00, 0xFF, 0xE0, 0x88, 0x20, 0x8F, 0x20, 0xB1, 0x20, 0x8E, 0x20, 0xF1, 0xE0, 0x8C, 0x20, 0x83, 0x20, 0x98, 0x20, 0x86, 0x20, 0xFF, 0xE0, 0x00, 0x00, 0x00, 0x00, 0x00, 0x00, 0x00, 0x00, 0x00, 0x00, 0x00, 0x00}},  // 图
    {0x5728, 12, {0x00, 0x00, 0x00, 0x00, 0x00, 0x00, 0x08, 0x00, 0x08, 0x00, 0xFF, 0xE0, 0x10, 0x00, 0x11, 0x00, 0x21, 0x00, 0x6F, 0xE0, 0xA1, 0x00, 0x21, 0x00, 0x21, 0x00, 0x2F, 0xE0, 0x00, 0x00, 0x00, 0x00, 0x00, 0x00, 0x00, 0x00, 0x00, 0x00, 0x00, 0x00}},  // 在
    {0x5730, 12, {0x00, 0x00, 0x00, 0x00, 0x00, 0x00, 0x41, 0x00, 0x49, 0x00, 0x49, 0x60, 0xEB, 0xA0, 0x5D, 0x20, 0x49, 0x20, 0x49, 0x60, 0x69, 0x00, 0xC8, 0x20, 0x08, 0x20, 0x07, 0xE0, 0x00, 0x00, 0x00, 0x00, 0x00, 0x00, 0x00, 0x00, 0x00, 0x00, 0x00, 0x00}},  // 地
    {0x5740, 12, {0x00, 0x00, 0x00, 0x00, 0x00, 0x00, 0x41, 0x00, 0x41, 0x00, 0x41, 0x00, 0xE9, 0x00, 0x49, 0xE0, 0x49, 0x00, 0x49, 0x00, 0x69, 0x00, 0xC9, 0x00, 0x09, 0x00, 0x1F, 0xE0, 0x00, 0x00, 0x00, 0x00, 0x00, 0x00, 0x00, 0x00, 0x00, 0x00, 0x00, 0x00}},  // 址
    {0x5747, 12, {0x00, 0x00, 0x00, 0x00, 0x00, 0x00, 0x44, 0x00, 0x47, 0xE0, 0x48, 0x20, 0xF0, 0x20, 0x46, 0x20, 0x41, 0x20, 0x40, 0x20, 0x60, 0xA0, 0xC3, 0x20, 0x0C, 0x20, 0x00, 0xC0, 0x00, 0x00, 0x00, 0x00, 0x00, 0x00, 0x00, 0x00, 0x00, 0x00, 0x00, 0x00}},  // 均
    {0x58F0, 12, {0x00, 0x00, 0x00, 0x00, 0x00, 0x00, 0x04, 0x00, 0xFF, 0xE0, 0x04, 0x00, 0x7F, 0xC0, 0x00, 0x00, 0x7F, 0xC0, 0x44, 0x40, 0x7F, 0xC0, 0x40, 0x00, 0x40, 0x00, 0x80, 0x00, 0x00, 0x00, 0x00, 0x00, 0x00, 0x00, 0x00, 0x00, 0x00, 0x00, 0x00, 0x00}},  // 声
    {0x5907, 12, {0x00, 0x00, 0x00, 0x00, 0x00, 0x00, 0x10, 0x00, 0x3F, 0x80, 0xD1, 0x00, 0x0E, 0x00, 0x31, 0x80, 0xC0, 0x60, 0x7F, 0xC0, 0x44, 0x40, 0x7F, 0xC0, 0x44, 0x40, 0x7F, 0xC0, 0x00, 0x00, 0x00, 0x00, 0x00, 0x00, 0x00, 0x00, 0x00, 0x00, 0x00, 0x00}},  // 备
    {0x590D, 12, {0x00, 0x00, 0x00, 0x00, 0x00, 0x00, 0x40, 0x00, 0x7F, 0xE0, 0xA0, 0x40, 0x3F, 0xC0, 0x20, 0x40, 0x3F, 0xC0, 0x08, 0x00, 0x1F, 0xC0, 0x70, 0x80, 0x0F, 0x00, 0xF0, 0xE0, 0x00, 0x00, 0x00, 0x00, 0x00, 0x00, 0x00, 0x00, 0x00, 0x00, 0x00, 0x00}},  // 复
    {0x5931, 12, {0x00, 0x00, 0x00, 0x00, 0x00, 0x00, 0x24, 0x00, 0x24, 0x00, 0x3F, 0xC0, 0x44, 0x00, 0x84, 0x00, 0x04, 0x00, 0xFF, 0xE0, 0x0A, 0x00, 0x11, 0x00, 0x20, 0x80, 0xC0, 0x60, 0x00, 0x00, 0x00, 0x00, 0x00, 0x00, 0x00, 0x00, 0x00, 0x00, 0x00, 0x00}},  // 失
    {0x5B58, 12, {0x00, 0x00, 0x00, 0x00, 0x00, 0x00, 0x08, 0x00, 0xFF, 0xE0, 0x10, 0x00, 0x27, 0xC0, 0x20, 0x80, 0x61, 0x00, 0xA1, 0x00, 0x2F, 0xE0, 0x21, 0x00, 0x21, 0x00, 0x23, 0x00, 0x00, 0x00, 0x00, 0x00, 0x00, 0x00, 0x00, 0x00, 0x00, 0x00, 0x00, 0x00}},  // 存
    {0x5B9A, 12, {0x00, 0x00, 0x00, 0x00, 0x00, 0x00, 0x04, 0x00, 0xFF, 0xE0, 0x80, 0x20, 0x00, 0x00, 0x7F, 0xC0, 0x04, 0x00, 0x24, 0x00, 0x27, 0xC0, 0x24, 0x00, 0x5C, 0x00, 0x83, 0xE0, 0x00, 0x00, 0x00, 0x00, 0x00, 0x00, 0x00, 0x00, 0x00, 0x00, 0x00, 0x00}},  // 定
    {0x5B9E, 12, {0x00, 0x00, 0x00, 0x00, 0x00, 0x00, 0x04, 0x00, 0xFF, 0xE0, 0x80, 0x20, 0xA2, 0x20, 0x12, 0x00, 0x42, 0x00, 0x22, 0x00, 0xFF, 0xE0, 0x05, 0x00, 0x18, 0x80, 0xE0, 0x60, 0x00, 0x00, 0x00, 0x00, 0x00, 0x00, 0x00, 0x00, 0x00, 0x00, 0x00, 0x00}},  // 实
    {0x5C4F, 12, {0x00, 0x00, 0x00, 0x00, 0x00, 0x00, 0x7F, 0xE0, 0x40, 0x20, 0x7F, 0xE0, 0x48, 0x40, 0x44, 0x80, 0x5F, 0xE0, 0x44, 0x80, 0x44, 0x80, 0x5F, 0xE0, 0x44, 0x80, 0x98, 0x80, 0x00, 0x00, 0x00, 0x00, 0x00, 0x00, 0x00, 0x00, 0x00, 0x00, 0x00, 0x00}},  // 屏
    {0x5DE5, 12, {0x00, 0x00, 0x00, 0x00, 0x00, 0x00, 0x7F, 0xC0, 0x04, 0x00, 0x04, 0x00, 0x04, 0x00, 0x04, 0x00, 0x04, 0x00, 0x04, 0x00, 0x04, 0x00, 0x04, 0x00, 0x04, 0x00, 0xFF, 0xE0, 0x00, 0x00, 0x00, 0x00, 0x00, 0x00, 0x00, 0x00, 0x00, 0x00, 0x00, 0x00}},  // 工
    {0x5DF2, 12, {0x00, 0x00, 0x00, 0x00, 0x00, 0x00, 0x7F, 0xC0, 0x00, 0x40, 0x00, 0x40, 0x40, 0x40, 0x40, 0x40, 0x7F, 0xC0, 0x40, 0x00, 0x40, 0x00, 0x40, 0x20, 0x40, 0x20, 0x3F, 0xE0, 0x00, 0x00, 0x00, 0x00, 0x00, 0x00, 0x00, 0x00, 0x00, 0x00, 0x00, 0x00}},  // 已
    {0x5E38, 12, {0x00, 0x00, 0x00, 0x00, 0x00, 0x00, 0x24, 0x80, 0xFF, 0xE0, 0x80, 0x20, 0xBF, 0xA0, 0x20, 0x80, 0x3F, 0x80, 0x04, 0x00, 0x7F, 0xC0, 0x44, 0x40, 0x44, 0xC0, 0x04, 0x00, 0x00, 0x00, 0x00, 0x00, 0x00, 0x00, 0x00, 0x00, 0x00, 0x00, 0x00, 0x00}},  // 常
    {0x5E55, 12, {0x00, 0x00, 0x00, 0x00, 0x00, 0x00, 0x11, 0x00, 0xFF, 0xE0, 0x11, 0x00, 0x7F, 0xC0, 0x40, 0x40, 0xFF, 0xE0, 0x24, 0x80, 0x7F, 0xC0, 0xA4, 0xA0, 0x25, 0x80, 0x04, 0x00, 0x00, 0x00, 0x00, 0x00, 0x00, 0x00, 0x00, 0x00, 0x00, 0x00, 0x00, 0x00}},  // 幕
    {0x5EA6, 12, {0x00, 0x00, 0x00, 0x00, 0x00, 0x00, 0x02, 0x00, 0x7F, 0xE0, 0x48, 0x80, 0x7F, 0xE0, 0x48, 0x80, 0x4F, 0x80, 0x40, 0x00, 0x5F, 0xC0, 0x48, 0x80, 0x47, 0x00, 0xB8, 0xE0, 0x00, 0x00, 0x00, 0x00, 0x00, 0x00, 0x00, 0x00, 0x00, 0x00, 0x00, 0x00}},  // 度
    {0x5F00, 12, {0x00, 0x00, 0x00, 0x00, 0x00, 0x00, 0xFF, 0xE0, 0x20, 0x80, 0x20, 0x80, 0x20, 0x80, 0x20, 0x80, 0xFF, 0xE0, 0x20, 0x80, 0x20, 0x80, 0x40, 0x80, 0x40, 0x80, 0x80, 0x80, 0x00, 0x00, 0x00, 0x00, 0x00, 0x00, 0x00, 0x00, 0x00, 0x00, 0x00, 0x00}},  // 开
    {0x5F3A, 12, {0x00, 0x00, 0x00, 0x00, 0x00, 0x00, 0xE7, 0xC0, 0x24, 0x40, 0x27, 0xC0, 0xE1, 0x00, 0x8F, 0xE0, 0x89, 0x20, 0xE9, 0x20, 0x2F, 0xE0, 0x21, 0x00, 0x21, 0x40, 0xCF, 0xA0, 0x00, 0x00, 0x00, 0x00, 0x00, 0x00, 0x00, 0x00, 0x00, 0x00, 0x00, 0x00}},  // 强
    {0x5F53, 12, {0x00, 0x00, 0x00, 0x00, 0x00, 0x00, 0x04, 0x00, 0x44, 0x40, 0x24, 0x80, 0x04, 0x00, 0x7F, 0xC0, 0x00, 0x40, 0x00, 0x40, 0x7F, 0xC0, 0x00, 0x40, 0x00, 0x40, 0x7F, 0xC0, 0x00, 0x00, 0x00, 0x00, 0x00, 0x00, 0x00, 0x00, 0x00, 0x00, 0x00, 0x00}},  // 当
    {0x5F55, 12, {0x00, 0x00, 0x00, 0x00, 0x00, 0x00, 0x7F, 0xC0, 0x00, 0x40, 0x7F, 0xC0, 0x00, 0x40, 0xFF, 0xE0, 0x04, 0x00, 0x44, 0x40, 0x26, 0x80, 0x0D, 0x00, 0x34, 0x80, 0xCC, 0x60, 0x00, 0x00, 0x00, 0x00, 0x00, 0x00, 0x00, 0x00, 0x00, 0x00, 0x00, 0x00}},  // 录
    {0x5F85, 12, {0x00, 0x00, 0x00, 0x00, 0x00, 0x00, 0x21, 0x00, 0x47, 0xC0, 0x81, 0x00, 0x21, 0x00, 0x4F, 0xE0, 0xC0, 0x40, 0x4F, 0xE0, 0x44, 0x40, 0x42, 0x40, 0x40, 0x40, 0x41, 0xC0, 0x00, 0x00, 0x00, 0x00, 0x00, 0x00, 0x00, 0x00, 0x00, 0x00, 0x00, 0x00}},  // 待
    {0x6001, 12, {0x00, 0x00, 0x00, 0x00, 0x00, 0x00, 0x04, 0x00, 0xFF, 0xE0, 0x0A, 0x00, 0x11, 0x00, 0x28, 0x80, 0xC4, 0x60, 0x00, 0x00, 0x54, 0x40, 0x52, 0x20, 0x90, 0xA0, 0x0F, 0x80, 0x00, 0x00, 0x00, 0x00, 0x00, 0x00, 0x00, 0x00, 0x00, 0x00, 0x00, 0x00}},  // 态
    {0x606F, 12, {0x00, 0x00, 0x00, 0x00, 0x00, 0x00, 0x08, 0x00, 0x3F, 0x80, 0x20, 0x80, 0x3F, 0x80, 0x20, 0x80, 0x3F, 0x80, 0x20, 0x80, 0x3F, 0x80, 0x54, 0x40, 0x52, 0xA0, 0x8F, 0xA0, 0x00, 0x00, 0x00, 0x00, 0x00, 0x00, 0x00, 0x00, 0x00, 0x00, 0x00, 0x00}},  // 息
    {0x6210, 12, {0x00, 0x00, 0x00, 0x00, 0x00, 0x00, 0x02, 0x80, 0x02, 0x40, 0x7F, 0xE0, 0x42, 0x00, 0x7A, 0x40, 0x4A, 0x40, 0x4A, 0x80, 0x49, 0x00, 0x59, 0x20, 0x42, 0xA0, 0x8C, 0x60, 0x00, 0x00, 0x00, 0x00, 0x00, 0x00, 0x00, 0x00, 0x00, 0x00, 0x00, 0x00}},  // 成
    {0x622A, 12, {0x00, 0x00, 0x00, 0x00, 0x00, 0x00, 0x11, 0x40, 0x7D, 0x20, 0x11, 0x00, 0xFF, 0xE0, 0x21, 0x00, 0x49, 0x20, 0xFD, 0x40, 0x48, 0x80, 0x7C, 0xA0, 0x49, 0x60, 0x7E, 0x20, 0x00, 0x00, 0x00, 0x00, 0x00, 0x00, 0x00, 0x00, 0x00, 0x00, 0x00, 0x00}},  // 截
    {0x626C, 12, {0x00, 0x00, 0x00, 0x00, 0x00, 0x00, 0x4F, 0xC0, 0x40, 0x80, 0xE1, 0x00, 0x42, 0x00, 0x4F, 0xE0, 0x62, 0xA0, 0xC4, 0xA0, 0x49, 0x20, 0x41, 0x20, 0x42, 0x20, 0xC4, 0xC0, 0x00, 0x00, 0x00, 0x00, 0x00, 0x00, 0x00, 0x00, 0x00, 0x00, 0x00, 0x00}},  // 扬
    {0x6309, 12, {0x00, 0x00, 0x00, 0x00, 0x00, 0x00, 0x41, 0x00, 0x4F, 0xE0, 0xE8, 0x20, 0x41, 0x00, 0x41, 0x00, 0x6F, 0xE0, 0xC2, 0x40, 0x44, 0x40, 0x42, 0x80, 0x41, 0x80, 0xCE, 0x60, 0x00, 0x00, 0x00, 0x00, 0x00, 0x00, 0x00, 0x00, 0x00, 0x00, 0x00, 0x00}},  // 按
    {0x636E, 12, {0x00, 0x00, 0x00, 0x00, 0x00, 0x00, 0x4F, 0xE0, 0x48, 0x20, 0xE8, 0x20, 0x4F, 0xE0, 0x48, 0x80, 0x6F, 0xE0, 0xC8, 0x80, 0x4B, 0xE0, 0x4A, 0x20, 0x4A, 0x20, 0xD3, 0xE0, 0x00, 0x00, 0x00, 0x00, 0x00, 0x00, 0x00, 0x00, 0x00, 0x00, 0x00, 0x00}},  // 据
    {0x63A5, 12, {0x00, 0x00, 0x00, 0x00, 0x00, 0x00, 0x41, 0x00, 0x4F, 0xE0, 0xE4, 0x40, 0x42, 0x80, 0x4F, 0xE0, 0x61, 0x00, 0xCF, 0xE0, 0x42, 0x40, 0x44, 0x80, 0x43, 0x80, 0xCC, 0x60, 0x00, 0x00, 0x00, 0x00, 0x00, 0x00, 0x00, 0x00, 0x00, 0x00, 0x00, 0x00}},  // 接
    {0x63A7, 12, {0x00, 0x00, 0x00, 0x00, 0x00, 0x00, 0x41, 0x00, 0x4F, 0xE0, 0xE8, 0x20, 0x42, 0x80, 0x44, 0x40, 0x68, 0x20, 0xC7, 0xC0, 0x41, 0x00, 0x41, 0x00, 0x41, 0x00, 0xCF, 0xE0, 0x00, 0x00, 0x00, 0x00, 0x00, 0x00, 0x00, 0x00, 0x00, 0x00, 0x00, 0x00}},  // 控
    {0x64AD, 12, {0x00, 0x00, 0x00, 0x00, 0x00, 0x00, 0x40, 0xE0, 0x4F, 0x00, 0xE5, 0x40, 0x5F, 0xE0, 0x45, 0x40, 0x69, 0x20, 0xDF, 0xE0, 0x49, 0x20, 0x4F, 0xE0, 0x49, 0x20, 0xCF, 0xE0, 0x00, 0x00, 0x00, 0x00, 0x00, 0x00, 0x00, 0x00, 0x00, 0x00, 0x00, 0x00}},  // 播
    {0x653E, 12, {0x00, 0x00, 0x00, 0x00, 0x00, 0x00, 0x42, 0x00, 0x22, 0x00, 0xFB, 0xE0, 0x44, 0x40, 0x42, 0x40, 0x7A, 0x40, 0x4A, 0x80, 0x4A, 0x80, 0x49, 0x00, 0x4A, 0x80, 0x9C, 0x60, 0x00, 0x00, 0x00, 0x00, 0x00, 0x00, 0x00, 0x00, 0x00, 0x00, 0x00, 0x00}},  // 放
    {0x6570, 12, {0x00, 0x00, 0x00, 0x00, 0x00, 0x00, 0x95, 0x00, 0x59, 0x00, 0xFD, 0xE0, 0x32, 0x40, 0x59, 0x40, 0x95, 0x40, 0x21, 0x40, 0xFD, 0x40, 0x24, 0x80, 0x39, 0x40, 0xC6, 0x20, 0x00, 0x00, 0x00, 0x00, 0x00, 0x00, 0x00, 0x00, 0x00, 0x00, 0x00, 0x00}},  // 数
    {0x6587, 12, {0x00, 0x00, 0x00, 0x00, 0x00, 0x00, 0x08, 0x00, 0x04, 0x00, 0xFF, 0xE0, 0x20, 0x80, 0x20, 0x80, 0x11, 0x00, 0x11, 0x00, 0x0A, 0x00, 0x04, 0x00, 0x1B, 0x00, 0xE0, 0xE0, 0x00, 0x00, 0x00, 0x00, 0x00, 0x00, 0x00, 0x00, 0x00, 0x00, 0x00, 0x00}},  // 文
    {0x65E0, 12, {0x00, 0x00, 0x00, 0x00, 0x00, 0x00, 0x7F, 0xC0, 0x04, 0x00, 0x04, 0x00, 0x04, 0x00, 0xFF, 0xE0, 0x0A, 0x00, 0x0A, 0x00, 0x12, 0x00, 0x12, 0x20, 0x22, 0x20, 0xC3, 0xE0, 0x00, 0x00, 0x00, 0x00, 0x00, 0x00, 0x00, 0x00, 0x00, 0x00, 0x00, 0x00}},  // 无
    {0x65F6, 12, {0x00, 0x00, 0x00, 0x00, 0x00, 0x00, 0x00, 0x40, 0xF0, 0x40, 0x97, 0xE0, 0x90, 0x40, 0x90, 0x40, 0xF4, 0x40, 0x92, 0x40, 0x92, 0x40, 0x90, 0x40, 0xF0, 0x40, 0x01, 0xC0, 0x00, 0x00, 0x00, 0x00, 0x00, 0x00, 0x00, 0x00, 0x00, 0x00, 0x00, 0x00}},  // 时
    {0x662F, 12, {0x00, 0x00, 0x00, 0x00, 0x00, 0x00, 0x7F, 0xC0, 0x40, 0x40, 0x7F, 0xC0, 0x40, 0x40, 0x7F, 0xC0, 0x00, 0x00, 0xFF, 0xE0, 0x24, 0x00, 0x27, 0xC0, 0x5C, 0x00, 0x83, 0xE0, 0x00, 0x00, 0x00, 0x00, 0x00, 0x00, 0x00, 0x00, 0x00, 0x00, 0x00, 0x00}},  // 是
    {0x663E, 12, {0x00, 0x00, 0x00, 0x00, 0x00, 0x00, 0x7F, 0xC0, 0x40, 0x40, 0x7F, 0xC0, 0x40, 0x40, 0x7F, 0xC0, 0x11, 0x00, 0x91, 0x20, 0x51, 0x40, 0x31, 0x80, 0x11, 0x00, 0xFF, 0xE0, 0x00, 0x00, 0x00, 0x00, 0x00, 0x00, 0x00, 0x00, 0x00, 0x00, 0x00, 0x00}},  // 显
    {0x672A, 12, {0x00, 0x00, 0x00, 0x00, 0x00, 0x00, 0x04, 0x00, 0x04, 0x00, 0x7F, 0xC0, 0x04, 0x00, 0x04, 0x00, 0xFF, 0xE0, 0x15, 0x00, 0x15, 0x00, 0x24, 0x80, 0xC4, 0x60, 0x04, 0x00, 0x00, 0x00, 0x00, 0x00, 0x00, 0x00, 0x00, 0x00, 0x00, 0x00, 0x00, 0x00}},  // 未
    {0x672C, 12, {0x00, 0x00, 0x00, 0x00, 0x00, 0x00, 0x04, 0x00, 0x04, 0x00, 0xFF, 0xE0, 0x15, 0x00, 0x15, 0x00, 0x15, 0x00, 0x24, 0x80, 0x24, 0x80, 0x5F, 0x40, 0x84, 0x20, 0x04, 0x00, 0x00, 0x00, 0x00, 0x00, 0x00, 0x00, 0x00, 0x00, 0x00, 0x00, 0x00, 0x00}},  // 本
    {0x677F, 12, {0x00, 0x00, 0x00, 0x00, 0x00, 0x00, 0x20, 0x60, 0x27, 0x80, 0xF4, 0x00, 0x24, 0x00, 0x27, 0xE0, 0x64, 0x20, 0x76, 0x20, 0xA5, 0x40, 0x24, 0x80, 0x25, 0x40, 0x2A, 0x20, 0x00, 0x00, 0x00, 0x00, 0x00, 0x00, 0x00, 0x00, 0x00, 0x00, 0x00, 0x00}},  // 板
    {0x6B63, 12, {0x00, 0x00, 0x00, 0x00, 0x00, 0x00, 0xFF, 0xE0, 0x04, 0x00, 0x04, 0x00, 0x04, 0x00, 0x24, 0x00, 0x27, 0xC0, 0x24, 0x00, 0x24, 0x00, 0x24, 0x00, 0x24, 0x00, 0xFF, 0xE0, 0x00, 0x00, 0x00, 0x00, 0x00, 0x00, 0x00, 0x00, 0x00, 0x00, 0x00, 0x00}},  // 正
    {0x6B65, 12, {0x00, 0x00, 0x00, 0x00, 0x00, 0x00, 0x04, 0x00, 0x27, 0xC0, 0x24, 0x00, 0x24, 0x00, 0xFF, 0xE0, 0x04, 0x00, 0x24, 0x40, 0xC4, 0x80, 0x01, 0x00, 0x06, 0x00, 0x78, 0x00, 0x00, 0x00, 0x00, 0x00, 0x00, 0x00, 0x00, 0x00, 0x00, 0x00, 0x00, 0x00}},  // 步
    {0x6C60, 12, {0x00, 0x00, 0x00, 0x00, 0x00, 0x00, 0x41, 0x00, 0x29, 0x00, 0x09, 0x60, 0x8B, 0xA0, 0x5D, 0x20, 0x09, 0x20, 0x09, 0x60, 0x49, 0x00, 0x48, 0x20, 0x88, 0x20, 0x87, 0xE0, 0x00, 0x00, 0x00, 0x00, 0x00, 0x00, 0x00, 0x00, 0x00, 0x00, 0x00, 0x00}},  // 池
    {0x6D41, 12, {0x00, 0x00, 0x00, 0x00, 0x00, 0x00, 0x82, 0x00, 0x5F, 0xE0, 0x04, 0x00, 0x88, 0x40, 0x5F, 0xA0, 0x00, 0x00, 0x0A, 0x80, 0x4A, 0x80, 0x4A, 0x80, 0x8A, 0xA0, 0x92, 0xE0, 0x00, 0x00, 0x00, 0x00, 0x00, 0x00, 0x00, 0x00, 0x00, 0x00, 0x00, 0x00}},  // 流
    {0x6D4B, 12, {0x00, 0x00, 0x00, 0x00, 0x00, 0x00, 0xBE, 0x20, 0x62, 0xA0, 0x2A, 0xA0, 0xAA, 0xA0, 0x6A, 0xA0, 0x2A, 0xA0, 0x2A, 0xA0, 0x6A, 0xA0, 0x48, 0x20, 0x94, 0x20, 0xA2, 0xE0, 0x00, 0x00, 0x00, 0x00, 0x00, 0x00, 0x00, 0x00, 0x00, 0x00, 0x00, 0x00}},  // 测
    {0x6E29, 12, {0x00, 0x00, 0x00, 0x00, 0x00, 0x00, 0x47, 0xC0, 0x24, 0x40, 0x07, 0xC0, 0x84, 0x40, 0x47, 0xC0, 0x00, 0x00, 0x0F, 0xE0, 0x4A, 0xA0, 0x4A, 0xA0, 0x8A, 0xA0, 0x9F, 0xE0, 0x00, 0x00, 0x00, 0x00, 0x00, 0x00, 0x00, 0x00, 0x00, 0x00, 0x00, 0x00}},  // 温
    {0x7070, 12, {0x00, 0x00, 0x00, 0x00, 0x00, 0x00, 0x20, 0x00, 0xFF, 0xE0, 0x20, 0x00, 0x22, 0x00, 0x2A, 0x40, 0x2A, 0x40, 0x32, 0x80, 0x42, 0x00, 0x45, 0x00, 0x88, 0x80, 0x30, 0x60, 0x00, 0x00, 0x00, 0x00, 0x00, 0x00, 0x00, 0x00, 0x00, 0x00, 0x00, 0x00}},  // 灰
    {0x7248, 12, {0x00, 0x00, 0x00, 0x00, 0x00, 0x00, 0x50, 0x60, 0x57, 0x80, 0x54, 0x00, 0x7C, 0x00, 0x47, 0xE0, 0x44, 0x20, 0x76, 0x20, 0x55, 0x40, 0x54, 0x80, 0x55, 0x40, 0x9A, 0x20, 0x00, 0x00, 0x00, 0x00, 0x00, 0x00, 0x00, 0x00, 0x00, 0x00, 0x00, 0x00}},  // 版
    {0x72B6, 12, {0x00, 0x00, 0x00, 0x00, 0x00, 0x00, 0x21, 0x40, 0x21, 0x20, 0xA1, 0x00, 0x6F, 0xE0, 0x21, 0x00, 0x22, 0x80, 0x22, 0x80, 0x62, 0x80, 0xA4, 0x40, 0x24, 0x40, 0x28, 0x20, 0x00, 0x00, 0x00, 0x00, 0x00, 0x00, 0x00, 0x00, 0x00, 0x00, 0x00, 0x00}},  // 状
    {0x7528, 12, {0x00, 0x00, 0x00, 0x00, 0x00, 0x00, 0x7F, 0xC0, 0x44, 0x40, 0x44, 0x40, 0x7F, 0xC0, 0x44, 0x40, 0x44, 0x40, 0x7F, 0xC0, 0x44, 0x40, 0x44, 0x40, 0x44, 0x40, 0x84, 0xC0, 0x00, 0x00, 0x00, 0x00, 0x00, 0x00, 0x00, 0x00, 0x00, 0x00, 0x00, 0x00}},  // 用
    {0x7531, 12, {0x00, 0x00, 0x00, 0x00, 0x00, 0x00, 0x04, 0x00, 0x04, 0x00, 0xFF, 0xE0, 0x84, 0x20, 0x84, 0x20, 0x84, 0x20, 0xFF, 0xE0, 0x84, 0x20, 0x84, 0x20, 0x84, 0x20, 0xFF, 0xE0, 0x00, 0x00, 0x00, 0x00, 0x00, 0x00, 0x00, 0x00, 0x00, 0x00, 0x00, 0x00}},  // 由
    {0x7535, 12, {0x00, 0x00, 0x00, 0x00, 0x00, 0x00, 0x08, 0x00, 0xFF, 0x80, 0x88, 0x80, 0x88, 0x80, 0xFF, 0x80, 0x88, 0x80, 0x88, 0x80, 0xFF, 0x80, 0x08, 0x20, 0x08, 0x20, 0x07, 0xE0, 0x00, 0x00, 0x00, 0x00, 0x00, 0x00, 0x00, 0x00, 0x00, 0x00, 0x00, 0x00}},  // 电
    {0x767D, 12, {0x00, 0x00, 0x00, 0x00, 0x00, 0x00, 0x04, 0x00, 0x08, 0x00, 0x7F, 0xC0, 0x40, 0x40, 0x40, 0x40, 0x40, 0x40, 0x7F, 0xC0, 0x40, 0x40, 0x40, 0x40, 0x40, 0x40, 0x7F, 0xC0, 0x00, 0x00, 0x00, 0x00, 0x00, 0x00, 0x00, 0x00, 0x00, 0x00, 0x00, 0x00}},  // 白
    {0x786E, 12, {0x00, 0x00, 0x00, 0x00, 0x00, 0x00, 0xF2, 0x00, 0x23, 0xC0, 0x24, 0x40, 0x4F, 0xE0, 0x75, 0x20, 0xD7, 0xE0, 0x55, 0x20, 0x57, 0xE0, 0x55, 0x20, 0x75, 0x20, 0x09, 0x60, 0x00, 0x00, 0x00, 0x00, 0x00, 0x00, 0x00, 0x00, 0x00, 0x00, 0x00, 0x00}},  // 确
    {0x793A, 12, {0x00, 0x00, 0x00, 0x00, 0x00, 0x00, 0x7F, 0xC0, 0x00, 0x00, 0x00, 0x00, 0xFF, 0xE0, 0x04, 0x00, 0x04, 0x00, 0x24, 0x80, 0x24, 0x40, 0x44, 0x20, 0x84, 0x20, 0x1C, 0x00, 0x00, 0x00, 0x00, 0x00, 0x00, 0x00, 0x00, 0x00, 0x00, 0x00, 0x00, 0x00}},  // 示
    {0x79BB, 12, {0x00, 0x00, 0x00, 0x00, 0x00, 0x00, 0x04, 0x00, 0xFF, 0xE0, 0x11, 0x00, 0x4E, 0x40, 0x51, 0x40, 0x7F, 0xC0, 0x04, 0x00, 0xFF, 0xE0, 0x91, 0x20, 0xBE, 0xA0, 0x80, 0x60, 0x00, 0x00, 0x00, 0x00, 0x00, 0x00, 0x00, 0x00, 0x00, 0x00, 0x00, 0x00}},  // 离
    {0x7A7A, 12, {0x00, 0x00, 0x00, 0x00, 0x00, 0x00, 0x04, 0x00, 0xFF, 0xE0, 0x80, 0x20, 0x11, 0x00, 0x20, 0x80, 0xC0, 0x60, 0x7F, 0xC0, 0x04, 0x00, 0x04, 0x00, 0x04, 0x00, 0xFF, 0xE0, 0x00, 0x00, 0x00, 0x00, 0x00, 0x00, 0x00, 0x00, 0x00, 0x00, 0x00, 0x00}},  // 空
    {0x7B49, 12, {0x00, 0x00, 0x00, 0x00, 0x00, 0x00, 0x42, 0x00, 0x7B, 0xE0, 0x94, 0x80, 0x7F, 0xC0, 0x04, 0x00, 0xFF, 0xE0, 0x00, 0x80, 0xFF, 0xE0, 0x10, 0x80, 0x08, 0x80, 0x03, 0x80, 0x00, 0x00, 0x00, 0x00, 0x00, 0x00, 0x00, 0x00, 0x00, 0x00, 0x00, 0x00}},  // 等
    {0x7CFB, 12, {0x00, 0x00, 0x00, 0x00, 0x00, 0x00, 0x01, 0xC0, 0x7E, 0x00, 0x08, 0x80, 0x33, 0x00, 0x0C, 0x00, 0x30, 0x40, 0xFF, 0xA0, 0x04, 0x00, 0x24, 0x80, 0xC4, 0x60, 0x1C, 0x00, 0x00, 0x00, 0x00, 0x00, 0x00, 0x00, 0x00, 0x00, 0x00, 0x00, 0x00, 0x00}},  // 系
    {0x7EA2, 12, {0x00, 0x00, 0x00, 0x00, 0x00, 0x00, 0x2F, 0xE0, 0x21, 0x00, 0x41, 0x00, 0x91, 0x00, 0xE1, 0x00, 0x21, 0x00, 0x41, 0x00, 0xF1, 0x00, 0x01, 0x00, 0x31, 0x00, 0xCF, 0xE0, 0x00, 0x00, 0x00, 0x00, 0x00, 0x00, 0x00, 0x00, 0x00, 0x00, 0x00, 0x00}},  // 红
    {0x7EBF, 12, {0x00, 0x00, 0x00, 0x00, 0x00, 0x00, 0x21, 0x40, 0x21, 0x20, 0x41, 0xE0, 0x97, 0x00, 0xE1, 0x00, 0x21, 0xE0, 0x47, 0x00, 0xF1, 0x20, 0x00, 0xC0, 0x31, 0xA0, 0xCE, 0x60, 0x00, 0x00, 0x00, 0x00, 0x00, 0x00, 0x00, 0x00, 0x00, 0x00, 0x00, 0x00}},  // 线
    {0x7EDC, 12, {0x00, 0x00, 0x00, 0x00, 0x00, 0x00, 0x44, 0x00, 0x47, 0xC0, 0x88, 0x40, 0xB4, 0x80, 0xC3, 0x00, 0x44, 0x80, 0x98, 0x60, 0xEF, 0xC0, 0x08, 0x40, 0x28, 0x40, 0xCF, 0xC0, 0x00, 0x00, 0x00, 0x00, 0x00, 0x00, 0x00, 0x00, 0x00, 0x00, 0x00, 0x00}},  // 络
    {0x7EDF, 12, {0x00, 0x00, 0x00, 0x00, 0x00, 0x00, 0x42, 0x00, 0x5F, 0xE0, 0x84, 0x00, 0xA4, 0x40, 0xC8, 0x40, 0x5F, 0xA0, 0x84, 0x80, 0xE4, 0x80, 0x04, 0x80, 0x28, 0xA0, 0xD0, 0xE0, 0x00, 0x00, 0x00, 0x00, 0x00, 0x00, 0x00, 0x00, 0x00, 0x00, 0x00, 0x00}},  // 统
    {0x7EFF, 12, {0x00, 0x00, 0x00, 0x00, 0x00, 0x00, 0x4F, 0xC0, 0x40, 0x40, 0x8F, 0xC0, 0xA0, 0x40, 0xDF, 0xE0, 0x41, 0x00, 0x89, 0x20, 0xE5, 0x40, 0x03, 0x80, 0x25, 0x40, 0xDB, 0x20, 0x00, 0x00, 0x00, 0x00, 0x00, 0x00, 0x00, 0x00, 0x00, 0x00, 0x00, 0x00}},  // 绿
    {0x7F51, 12, {0x00, 0x00, 0x00, 0x00, 0x00, 0x00, 0xFF, 0xE0, 0x80, 0x20, 0x88, 0xA0, 0xAA, 0xA0, 0x91, 0x20, 0x91, 0x20, 0xAA, 0xA0, 0xAA, 0xA0, 0xC4, 0x20, 0x80, 0x20, 0x80, 0xE0, 0x00, 0x00, 0x00, 0x00, 0x00, 0x00, 0x00, 0x00, 0x00, 0x00, 0x00, 0x00}},  // 网
    {0x8017, 12, {0x00, 0x00, 0x00, 0x00, 0x00, 0x00, 0x20, 0xE0, 0x27, 0x00, 0xF9, 0x00, 0x21, 0xE0, 0xF7, 0x00, 0x21, 0x00, 0xF9, 0xE0, 0x27, 0x00, 0x71, 0x00, 0xA9, 0x20, 0x20, 0xE0, 0x00, 0x00, 0x00, 0x00, 0x00, 0x00, 0x00, 0x00, 0x00, 0x00, 0x00, 0x00}},  // 耗
    {0x8272, 12, {0x00, 0x00, 0x00, 0x00, 0x00, 0x00, 0x20, 0x00, 0x3F, 0x00, 0x41, 0x00, 0xFF, 0xC0, 0x44, 0x40, 0x44, 0x40, 0x7F, 0xC0, 0x40, 0x00, 0x40, 0x20, 0x40, 0x20, 0x3F, 0xE0, 0x00, 0x00, 0x00, 0x00, 0x00, 0x00, 0x00, 0x00, 0x00, 0x00, 0x00, 0x00}},  // 色
    {0x84DD, 12, {0x00, 0x00, 0x00, 0x00, 0x00, 0x00, 0x11, 0x00, 0xFF, 0xE0, 0x11, 0x00, 0x02, 0x00, 0x93, 0xE0, 0x94, 0x80, 0x90, 0x40, 0x7F, 0xC0, 0x4A, 0x40, 0x4A, 0x40, 0xFF, 0xE0, 0x00, 0x00, 0x00, 0x00, 0x00, 0x00, 0x00, 0x00, 0x00, 0x00, 0x00, 0x00}},  // 蓝
    {0x884C, 12, {0x00, 0x00, 0x00, 0x00, 0x00, 0x00, 0x27, 0xC0, 0x40, 0x00, 0x80, 0x00, 0x2F, 0xE0, 0x40, 0x80, 0xC0, 0x80, 0x40, 0x80, 0x40, 0x80, 0x40, 0x80, 0x40, 0x80, 0x43, 0x80, 0x00, 0x00, 0x00, 0x00, 0x00, 0x00, 0x00, 0x00, 0x00, 0x00, 0x00, 0x00}},  // 行
    {0x8861, 12, {0x00, 0x00, 0x00, 0x00, 0x00, 0x00, 0x2E, 0xE0, 0x52, 0x00, 0x9F, 0x00, 0x35, 0xE0, 0x5F, 0x40, 0xD5, 0x40, 0x5F, 0x40, 0x44, 0x40, 0x5F, 0x40, 0x4A, 0x40, 0x51, 0xC0, 0x00, 0x00, 0x00, 0x00, 0x00, 0x00, 0x00, 0x00, 0x00, 0x00, 0x00, 0x00}},  // 衡
    {0x8B66, 12, {0x00, 0x00, 0x00, 0x00, 0x00, 0x00, 0x52, 0x00, 0xFF, 0xE0, 0x55, 0x40, 0x75, 0x80, 0x0A, 0x40, 0xFF, 0xE0, 0x00, 0x00, 0x7F, 0xC0, 0x20, 0x80, 0x20, 0x80, 0x3F, 0x80, 0x00, 0x00, 0x00, 0x00, 0x00, 0x00, 0x00, 0x00, 0x00, 0x00, 0x00, 0x00}},  // 警
    {0x8BBE, 12, {0x00, 0x00, 0x00, 0x00, 0x00, 0x00, 0x87, 0x80, 0x44, 0x80, 0x04, 0x80, 0x04, 0x80, 0xD8, 0xE0, 0x40, 0x00, 0x4F, 0xC0, 0x48, 0x40, 0x44, 0x80, 0x63, 0x00, 0x5C, 0xE0, 0x00, 0x00, 0x00, 0x00, 0x00, 0x00, 0x00, 0x00, 0x00, 0x00, 0x00, 0x00}},  // 设
    {0x8BD5, 12, {0x00, 0x00, 0x00, 0x00, 0x00, 0x00, 0x81, 0x40, 0x41, 0x20, 0x1F, 0xE0, 0x01, 0x00, 0xC1, 0x00, 0x5F, 0x00, 0x44, 0x80, 0x44, 0x80, 0x44, 0xA0, 0x67, 0x60, 0x58, 0x20, 0x00, 0x00, 0x00, 0x00, 0x00, 0x00, 0x00, 0x00, 0x00, 0x00, 0x00, 0x00}},  // 试
    {0x8BEF, 12, {0x00, 0x00, 0x00, 0x00, 0x00, 0x00, 0x8F, 0xC0, 0x48, 0x40, 0x08, 0x40, 0x0F, 0xC0, 0xC0, 0x00, 0x4F, 0xC0, 0x41, 0x00, 0x5F, 0xE0, 0x41, 0x00, 0x62, 0x80, 0x5C, 0x60, 0x00, 0x00, 0x00, 0x00, 0x00, 0x00, 0x00, 0x00, 0x00, 0x00, 0x00, 0x00}},  // 误
    {0x8D25, 12, {0x00, 0x00, 0x00, 0x00, 0x00, 0x00, 0xFA, 0x00, 0x8A, 0x00, 0xAB, 0xE0, 0xAC, 0x40, 0xAA, 0x40, 0xAA, 0x40, 0xAA, 0x80, 0xAA, 0x80, 0x21, 0x00, 0x52, 0x80, 0x8C, 0x60, 0x00, 0x00, 0x00, 0x00, 0x00, 0x00, 0x00, 0x00, 0x00, 0x00, 0x00, 0x00}},  // 败
    {0x8D34, 12, {0x00, 0x00, 0x00, 0x00, 0x00, 0x00, 0xF8, 0x80, 0x88, 0x80, 0xA8, 0xE0, 0xA8, 0x80, 0xA8, 0x80, 0xA8, 0x80, 0xAB, 0xE0, 0xAA, 0x20, 0x22, 0x20, 0x52, 0x20, 0x8B, 0xE0, 0x00, 0x00, 0x00, 0x00, 0x00, 0x00, 0x00, 0x00, 0x00, 0x00, 0x00, 0x00}},  // 贴
    {0x8DEF, 12, {0x00, 0x00, 0x00, 0x00, 0x00, 0x00, 0xF2, 0x00, 0x93, 0xC0, 0x94, 0x40, 0xFA, 0x80, 0x21, 0x00, 0x22, 0x80, 0xBC, 0x60, 0xA7, 0xC0, 0xA4, 0x40, 0xB4, 0x40, 0xC7, 0xC0, 0x00, 0x00, 0x00, 0x00, 0x00, 0x00, 0x00, 0x00, 0x00, 0x00, 0x00, 0x00}},  // 路
    {0x8F93, 12, {0x00, 0x00, 0x00, 0x00, 0x00, 0x00, 0x21, 0x00, 0xF2, 0x80, 0x44, 0x40, 0xAB, 0xA0, 0xA0, 0x00, 0xFE, 0xA0, 0x2A, 0xA0, 0x3E, 0xA0, 0xEA, 0xA0, 0x2E, 0x20, 0x2A, 0x60, 0x00, 0x00, 0x00, 0x00, 0x00, 0x00, 0x00, 0x00, 0x00, 0x00, 0x00, 0x00}},  // 输
    {0x8FD0, 12, {0x00, 0x00, 0x00, 0x00, 0x00, 0x00, 0x8F, 0xC0, 0x40, 0x00, 0x00, 0x00, 0x1F, 0xE0, 0xC4, 0x00, 0x44, 0x40, 0x48, 0x40, 0x49, 0xA0, 0x5E, 0x20, 0xA0, 0x00, 0x9F, 0xE0, 0x00, 0x00, 0x00, 0x00, 0x00, 0x00, 0x00, 0x00, 0x00, 0x00, 0x00, 0x00}},  // 运
    {0x8FD4, 12, {0x00, 0x00, 0x00, 0x00, 0x00, 0x00, 0x80, 0xE0, 0x4F, 0x00, 0x08, 0x00, 0x08, 0x00, 0xCF, 0xE0, 0x4C, 0x20, 0x4A, 0x40, 0x49, 0x80, 0x56, 0x60, 0xA0, 0x00, 0x9F, 0xE0, 0x00, 0x00, 0x00, 0x00, 0x00, 0x00, 0x00, 0x00, 0x00, 0x00, 0x00, 0x00}},  // 返
    {0x8FDB, 12, {0x00, 0x00, 0x00, 0x00, 0x00, 0x00, 0x84, 0x80, 0x44, 0x80, 0x1F, 0xE0, 0x04, 0x80, 0xC4, 0x80, 0x5F, 0xE0, 0x44, 0x80, 0x44, 0x80, 0x48, 0x80, 0xA0, 0x00, 0x9F, 0xE0, 0x00, 0x00, 0x00, 0x00, 0x00, 0x00, 0x00, 0x00, 0x00, 0x00, 0x00, 0x00}},  // 进
    {0x8FDE, 12, {0x00, 0x00, 0x00, 0x00, 0x00, 0x00, 0x82, 0x00, 0x5F, 0xE0, 0x04, 0x00, 0x09, 0x00, 0xC9, 0x00, 0x4F, 0xE0, 0x41, 0x00, 0x5F, 0xE0, 0x41, 0x00, 0xA1, 0x00, 0x9F, 0xE0, 0x00, 0x00, 0x00, 0x00, 0x00, 0x00, 0x00, 0x00, 0x00, 0x00, 0x00, 0x00}},  // 连
    {0x9000, 12, {0x00, 0x00, 0x00, 0x00, 0x00, 0x00, 0x8F, 0xC0, 0x48, 0x40, 0x0F, 0xC0, 0x08, 0x40, 0xCF, 0xC0, 0x4A, 0x20, 0x49, 0x40, 0x4A, 0x80, 0x4C, 0x60, 0xA0, 0x00, 0x9F, 0xE0, 0x00, 0x00, 0x00, 0x00, 0x00, 0x00, 0x00, 0x00, 0x00, 0x00, 0x00, 0x00}},  // 退
    {0x91CD, 12, {0x00, 0x00, 0x00, 0x00, 0x00, 0x00, 0x7F, 0xC0, 0x04, 0x00, 0xFF, 0xE0, 0x44, 0x40, 0x7F, 0xC0, 0x44, 0x40, 0x7F, 0xC0, 0x04, 0x00, 0x7F, 0xC0, 0x04, 0x00, 0xFF, 0xE0, 0x00, 0x00, 0x00, 0x00, 0x00, 0x00, 0x00, 0x00, 0x00, 0x00, 0x00, 0x00}},  // 重
    {0x91CF, 12, {0x00, 0x00, 0x00, 0x00, 0x00, 0x00, 0x7F, 0xC0, 0x40, 0x40, 0x7F, 0xC0, 0x40, 0x40, 0xFF, 0xE0, 0x44, 0x40, 0x7F, 0xC0, 0x44, 0x40, 0x7F, 0xC0, 0x04, 0x00, 0xFF, 0xE0, 0x00, 0x00, 0x00, 0x00, 0x00, 0x00, 0x00, 0x00, 0x00, 0x00, 0x00, 0x00}},  // 量
    {0x9519, 12, {0x00, 0x00, 0x00, 0x00, 0x00, 0x00, 0x44, 0x80, 0x6F, 0xC0, 0x84, 0x80, 0xE4, 0x80, 0x5F, 0xE0, 0x40, 0x00, 0xEF, 0xC0, 0x48, 0x40, 0x4F, 0xC0, 0x68, 0x40, 0x4F, 0xC0, 0x00, 0x00, 0x00, 0x00, 0x00, 0x00, 0x00, 0x00, 0x00, 0x00, 0x00, 0x00}},  // 错
    {0x952E, 12, {0x00, 0x00, 0x00, 0x00, 0x00, 0x00, 0x40, 0x80, 0x7B, 0xE0, 0x88, 0xA0, 0xEF, 0xE0, 0x50, 0xA0, 0x5B, 0xE0, 0xE8, 0x80, 0x4B, 0xE0, 0x58, 0x80, 0x6C, 0x80, 0x53, 0xE0, 0x00, 0x00, 0x00, 0x00, 0x00, 0x00, 0x00, 0x00, 0x00, 0x00, 0x00, 0x00}},  // 键
    {0x95EA, 12, {0x00, 0x00, 0x00, 0x00, 0x00, 0x00, 0x9F, 0xE0, 0x40, 0x20, 0x04, 0x20, 0x84, 0x20, 0x84, 0x20, 0x8A, 0x20, 0x8A, 0x20, 0x91, 0x20, 0xA0, 0xA0, 0x80, 0x20, 0x80, 0xE0, 0x00, 0x00, 0x00, 0x00, 0x00, 0x00, 0x00, 0x00, 0x00, 0x00, 0x00, 0x00}},  // 闪
    {0x95F2, 12, {0x00, 0x00, 0x00, 0x00, 0x00, 0x00, 0x9F, 0xE0, 0x40, 0x20, 0x04, 0x20, 0x84, 0x20, 0xBF, 0xA0, 0x84, 0x20, 0x8E, 0x20, 0x95, 0x20, 0xA4, 0xA0, 0x84, 0x20, 0x80, 0xE0, 0x00, 0x00, 0x00, 0x00, 0x00, 0x00, 0x00, 0x00, 0x00, 0x00, 0x00, 0x00}},  // 闲
    {0x95F4, 12, {0x00, 0x00, 0x00, 0x00, 0x00, 0x00, 0x9F, 0xE0, 0x40, 0x20, 0x00, 0x20, 0x9F, 0x20, 0x91, 0x20, 0x91, 0x20, 0x9F, 0x20, 0x91, 0x20, 0x91, 0x20, 0x9F, 0x20, 0x80, 0x60, 0x00, 0x00, 0x00, 0x00, 0x00, 0x00, 0x00, 0x00, 0x00, 0x00, 0x00, 0x00}},  // 间
    {0x9752, 12, {0x00, 0x00, 0x00, 0x00, 0x00, 0x00, 0x04, 0x00, 0x7F, 0xC0, 0x04, 0x00, 0x7F, 0xC0, 0x04, 0x00, 0xFF, 0xE0, 0x20, 0x80, 0x3F, 0x80, 0x20, 0x80, 0x3F, 0x80, 0x20, 0x80, 0x00, 0x00, 0x00, 0x00, 0x00, 0x00, 0x00, 0x00, 0x00, 0x00, 0x00, 0x00}},  // 青
    {0x9759, 12, {0x00, 0x00, 0x00, 0x00, 0x00, 0x00, 0x21, 0x00, 0xF9, 0xC0, 0x22, 0x40, 0xFB, 0xE0, 0x20, 0xA0, 0xFF, 0xE0, 0x48, 0xA0, 0x7B, 0xE0, 0x48, 0x80, 0x78, 0x80, 0x49, 0x80, 0x00, 0x00, 0x00, 0x00, 0x00, 0x00, 0x00, 0x00, 0x00, 0x00, 0x00, 0x00}},  // 静
    {0x9762, 12, {0x00, 0x00, 0x00, 0x00, 0x00, 0x00, 0xFF, 0xE0, 0x04, 0x00, 0x08, 0x00, 0xFF, 0xE0, 0x91, 0x20, 0x9F, 0x20, 0x91, 0x20, 0x91, 0x20, 0x9F, 0x20, 0x91, 0x20, 0xFF, 0xE0, 0x00, 0x00, 0x00, 0x00, 0x00, 0x00, 0x00, 0x00, 0x00, 0x00, 0x00, 0x00}},  // 面
    {0x97F3, 12, {0x00, 0x00, 0x00, 0x00, 0x00, 0x00, 0x04, 0x00, 0x7F, 0xC0, 0x20, 0x80, 0x11, 0x00, 0xFF, 0xE0, 0x00, 0x00, 0x3F, 0x80, 0x20, 0x80, 0x3F, 0x80, 0x20, 0x80, 0x3F, 0x80, 0x00, 0x00, 0x00, 0x00, 0x00, 0x00, 0x00, 0x00, 0x00, 0x00, 0x00, 0x00}},  // 音
    {0x9875, 12, {0x00, 0x00, 0x00, 0x00, 0x00, 0x00, 0xFF, 0xE0, 0x04, 0x00, 0x7F, 0xC0, 0x40, 0x40, 0x44, 0x40, 0x44, 0x40, 0x44, 0x40, 0x44, 0x40, 0x0A, 0x00, 0x31, 0x80, 0xC0, 0x60, 0x00, 0x00, 0x00, 0x00, 0x00, 0x00, 0x00, 0x00, 0x00, 0x00, 0x00, 0x00}},  // 页
    {0x9891, 12, {0x00, 0x00, 0x00, 0x00, 0x00, 0x00, 0x23, 0xE0, 0xB8, 0x80, 0xA3, 0xE0, 0xA2, 0x20, 0xFA, 0xA0, 0x22, 0xA0, 0x6A, 0xA0, 0xAA, 0xA0, 0x10, 0x80, 0x21, 0x40, 0xC2, 0x20, 0x00, 0x00, 0x00, 0x00, 0x00, 0x00, 0x00, 0x00, 0x00, 0x00, 0x00, 0x00}},  // 频
    {0x989C, 12, {0x00, 0x00, 0x00, 0x00, 0x00, 0x00, 0x23, 0xE0, 0xF8, 0x80, 0x53, 0xE0, 0x22, 0x20, 0xFA, 0xA0, 0x92, 0xA0, 0xA2, 0xA0, 0x8A, 0xA0, 0xB0, 0x80, 0x89, 0x40, 0xB2, 0x20, 0x00, 0x00, 0x00, 0x00, 0x00, 0x00, 0x00, 0x00, 0x00, 0x00, 0x00, 0x00}},  // 颜
    {0x98CE, 12, {0x00, 0x00, 0x00, 0x00, 0x00, 0x00, 0x7F, 0xC0, 0x40, 0x40, 0x41, 0x40, 0x51, 0x40, 0x4A, 0x40, 0x44, 0x40, 0x44, 0x40, 0x4A, 0x40, 0x51, 0x40, 0x40, 0x60, 0x80, 0x20, 0x00, 0x00, 0x00, 0x00, 0x00, 0x00, 0x00, 0x00, 0x00, 0x00, 0x00, 0x00}},  // 风
    {0x9A8C, 12, {0x00, 0x00, 0x00, 0x00, 0x00, 0x00, 0xE1, 0x00, 0x22, 0x80, 0xA4, 0x40, 0xA8, 0x20, 0xA7, 0xC0, 0xF0, 0x00, 0x1A, 0x20, 0x35, 0x40, 0xD5, 0x40, 0x10, 0x80, 0x6F, 0xE0, 0x00, 0x00, 0x00, 0x00, 0x00, 0x00, 0x00, 0x00, 0x00, 0x00, 0x00, 0x00}},  // 验
    {0x9EA6, 12, {0x00, 0x00, 0x00, 0x00, 0x00, 0x00, 0x04, 0x00, 0x7F, 0xC0, 0x04, 0x00, 0x7F, 0xC0, 0x04, 0x00, 0xFF, 0xE0, 0x08, 0x00, 0x1F, 0xC0, 0x70, 0x80, 0x0F, 0x00, 0xF0, 0xE0, 0x00, 0x00, 0x00, 0x00, 0x00, 0x00, 0x00, 0x00, 0x00, 0x00, 0x00, 0x00}},  // 麦
    {0x9EC4, 12, {0x00, 0x00, 0x00, 0x00, 0x00, 0x00, 0x11, 0x00, 0x7F, 0xC0, 0x11, 0x00, 0xFF, 0xE0, 0x04, 0x00, 0x7F, 0xC0, 0x44, 0x40, 0x7F, 0xC0, 0x44, 0x40, 0x7F, 0xC0, 0xC0, 0x60, 0x00, 0x00, 0x00, 0x00, 0x00, 0x00, 0x00, 0x00, 0x00, 0x00, 0x00, 0x00}},  // 黄
    {0x9ED1, 12, {0x00, 0x00, 0x00, 0x00, 0x00, 0x00, 0x7F, 0xC0, 0x44, 0x40, 0x55, 0x40, 0x44, 0x40, 0x7F, 0xC0, 0x04, 0x00, 0x7F, 0xC0, 0x04, 0x00, 0xFF, 0xE0, 0x52, 0x40, 0x89, 0x20, 0x00, 0x00, 0x00, 0x00, 0x00, 0x00, 0x00, 0x00, 0x00, 0x00, 0x00, 0x00}},  // 黑
};

const BitmapGlyph FONT_BOLD12_GLYPHS[] PROGMEM = {
    {0x0020, 7, {0x00, 0x00, 0x00, 0x00, 0x00, 0x00, 0x00, 0x00, 0x00, 0x00, 0x00, 0x00, 0x00, 0x00, 0x00, 0x00, 0x00, 0x00, 0x00, 0x00, 0x00, 0x00, 0x00, 0x00, 0x00, 0x00, 0x00, 0x00, 0x00, 0x00, 0x00, 0x00, 0x00, 0x00, 0x00, 0x00, 0x00, 0x00, 0x00, 0x00}},  // U+0020
    {0x0021, 5, {0x00, 0x00, 0x00, 0x00, 0x00, 0x00, 0x00, 0x00, 0x60, 0x00, 0x60, 0x00, 0x60, 0x00, 0x60, 0x00, 0x60, 0x00, 0x60, 0x00, 0x60, 0x00, 0x00, 0x00, 0x60, 0x00, 0x00, 0x00, 0x00, 0x00, 0x00, 0x00, 0x00, 0x00, 0x00, 0x00, 0x00, 0x00, 0x00, 0x00}},  // !
    {0x0022, 7, {0x00, 0x00, 0x00, 0x00, 0x00, 0x00, 0x00, 0x00, 0x68, 0x00, 0x68, 0x00, 0x68, 0x00, 0x00, 0x00, 0x00, 0x00, 0x00, 0x00, 0x00, 0x00, 0x00, 0x00, 0x00, 0x00, 0x00, 0x00, 0x00, 0x00, 0x00, 0x00, 0x00, 0x00, 0x00, 0x00, 0x00, 0x00, 0x00, 0x00}},  // "
    {0x0023, 8, {0x00, 0x00, 0x00, 0x00, 0x00, 0x00, 0x00, 0x00, 0x6C, 0x00, 0x6C, 0x00, 0xFE, 0x00, 0x6C, 0x00, 0x6C, 0x00, 0x6C, 0x00, 0xFE, 0x00, 0x6C, 0x00, 0x6C, 0x00, 0x00, 0x00, 0x00, 0x00, 0x00, 0x00, 0x00, 0x00, 0x00, 0x00, 0x00, 0x00, 0x00, 0x00}},  // #
    {0x0024, 7, {0x00, 0x00, 0x00, 0x00, 0x00, 0x00, 0x30, 0x00, 0x78, 0x00, 0xD4, 0x00, 0xD0, 0x00, 0xD0, 0x00, 0x78, 0x00, 0x34, 0x00, 0x34, 0x00, 0xD4, 0x00, 0x78, 0x00, 0x30, 0x00, 0x00, 0x00, 0x00, 0x00, 0x00, 0x00, 0x00, 0x00, 0x00, 0x00, 0x00, 0x00}},  // $
    {0x0025, 9, {0x00, 0x00, 0x00, 0x00, 0x00, 0x00, 0x00, 0x00, 0x66, 0x00, 0xD6, 0x00, 0x6C, 0x00, 0x0C, 0x00, 0x18, 0x00, 0x30, 0x00, 0x36, 0x00, 0x6D, 0x00, 0x66, 0x00, 0x00, 0x00, 0x00, 0x00, 0x00, 0x00, 0x00, 0x00, 0x00, 0x00, 0x00, 0x00, 0x00, 0x00}},  // %
    {0x0026, 8, {0x00, 0x00, 0x00, 0x00, 0x00, 0x00, 0x00, 0x00, 0x38, 0x00, 0x6C, 0x00, 0x6C, 0x00, 0x38, 0x00, 0x76, 0x00, 0xDA, 0x00, 0xCC, 0x00, 0xCC, 0x00, 0x7A, 0x00, 0x00, 0x00, 0x00, 0x00, 0x00, 0x00, 0x00, 0x00, 0x00, 0x00, 0x00, 0x00, 0x00, 0x00}},  // &
    {0x0027, 5, {0x00, 0x00, 0x00, 0x00, 0x00, 0x00, 0x00, 0x00, 0x60, 0x00, 0x60, 0x00, 0x60, 0x00, 0x00, 0x00, 0x00, 0x00, 0x00, 0x00, 0x00, 0x00, 0x00, 0x00, 0x00, 0x00, 0x00, 0x00, 0x00, 0x00, 0x00, 0x00, 0x00, 0x00, 0x00, 0x00, 0x00, 0x00, 0x00, 0x00}},  // U+0027
    {0x0028, 7, {0x00, 0x00, 0x00, 0x00, 0x00, 0x00, 0x18, 0x00, 0x30, 0x00, 0x30, 0x00, 0x60, 0x00, 0x60, 0x00, 0x60, 0x00, 0x60, 0x00, 0x60, 0x00, 0x30, 0x00, 0x30, 0x00, 0x18, 0x00, 0x00, 0x00, 0x00, 0x00, 0x00, 0x00, 0x00, 0x00, 0x00, 0x00, 0x00, 0x00}},  // (
    {0x0029, 7, {0x00, 0x00, 0x00, 0x00, 0x00, 0x00, 0x60, 0x00, 0x30, 0x00, 0x30, 0x00, 0x18, 0x00, 0x18, 0x00, 0x18, 0x00, 0x18, 0x00, 0x18, 0x00, 0x30, 0x00, 0x30, 0x00, 0x60, 0x00, 0x00, 0x00, 0x00, 0x00, 0x00, 0x00, 0x00, 0x00, 0x00, 0x00, 0x00, 0x00}},  // )
    {0x002A, 7, {0x00, 0x00, 0x00, 0x00, 0x00, 0x00, 0x00, 0x00, 0x00, 0x00, 0x00, 0x00, 0x00, 0x00, 0x30, 0x00, 0xD4, 0x00, 0x78, 0x00, 0xD4, 0x00, 0x30, 0x00, 0x00, 0x00, 0x00, 0x00, 0x00, 0x00, 0x00, 0x00, 0x00, 0x00, 0x00, 0x00, 0x00, 0x00, 0x00, 0x00}},  // *
    {0x002B, 7, {0x00, 0x00, 0x00, 0x00, 0x00, 0x00, 0x00, 0x00, 0x00, 0x00, 0x00, 0x00, 0x00, 0x00, 0x30, 0x00, 0x30, 0x00, 0xFC, 0x00, 0x30, 0x00, 0x30, 0x00, 0x00, 0x00, 0x00, 0x00, 0x00, 0x00, 0x00, 0x00, 0x00, 0x00, 0x00, 0x00, 0x00, 0x00, 0x00, 0x00}},  // +
    {0x002C, 5, {0x00, 0x00, 0x00, 0x00, 0x00, 0x00, 0x00, 0x00, 0x00, 0x00, 0x00, 0x00, 0x00, 0x00, 0x00, 0x00, 0x00, 0x00, 0x00, 0x00, 0x00, 0x00, 0x00, 0x00, 0x60, 0x00, 0x60, 0x00, 0xC0, 0x00, 0x00, 0x00, 0x00, 0x00, 0x00, 0x00, 0x00, 0x00, 0x00, 0x00}},  // ,
    {0x002D, 7, {0x00, 0x00, 0x00, 0x00, 0x00, 0x00, 0x00, 0x00, 0x00, 0x00, 0x00, 0x00, 0x00, 0x00, 0x00, 0x00, 0x00, 0x00, 0xFC, 0x00, 0x00, 0x00, 0x00, 0x00, 0x00, 0x00, 0x00, 0x00, 0x00, 0x00, 0x00, 0x00, 0x00, 0x00, 0x00, 0x00, 0x00, 0x00, 0x00, 0x00}},  // -
    {0x002E, 5, {0x00, 0x00, 0x00, 0x00, 0x00, 0x00, 0x00, 0x00, 0x00, 0x00, 0x00, 0x00, 0x00, 0x00, 0x00, 0x00, 0x00, 0x00, 0x00, 0x00, 0x00, 0x00, 0x00, 0x00, 0x60, 0x00, 0x00, 0x00, 0x00, 0x00, 0x00, 0x00, 0x00, 0x00, 0x00, 0x00, 0x00, 0x00, 0x00, 0x00}},  // .
    {0x002F, 7, {0x00, 0x00, 0x00, 0x00, 0x00, 0x00, 0x0C, 0x00, 0x0C, 0x00, 0x18, 0x00, 0x18, 0x00, 0x30, 0x00, 0x30, 0x00, 0x30, 0x00, 0x60, 0x00, 0x60, 0x00, 0xC0, 0x00, 0xC0, 0x00, 0x00, 0x00, 0x00, 0x00, 0x00, 0x00, 0x00, 0x00, 0x00, 0x00, 0x00, 0x00}},  // /
    {0x0030, 7, {0x00, 0x00, 0x00, 0x00, 0x00, 0x00, 0x00, 0x00, 0x78, 0x00, 0xCC, 0x00, 0xCC, 0x00, 0xDC, 0x00, 0xD4, 0x00, 0xEC, 0x00, 0xCC, 0x00, 0xCC, 0x00, 0x78, 0x00, 0x00, 0x00, 0x00, 0x00, 0x00, 0x00, 0x00, 0x00, 0x00, 0x00, 0x00, 0x00, 0x00, 0x00}},  // 0
    {0x0031, 7, {0x00, 0x00, 0x00, 0x00, 0x00, 0x00, 0x00, 0x00, 0x30, 0x00, 0x70, 0x00, 0x30, 0x00, 0x30, 0x00, 0x30, 0x00, 0x30, 0x00, 0x30, 0x00, 0x30, 0x00, 0x78, 0x00, 0x00, 0x00, 0x00, 0x00, 0x00, 0x00, 0x00, 0x00, 0x00, 0x00, 0x00, 0x00, 0x00, 0x00}},  // 1
    {0x0032, 7, {0x00, 0x00, 0x00, 0x00, 0x00, 0x00, 0x00, 0x00, 0x78, 0x00, 0xCC, 0x00, 0x0C, 0x00, 0x0C, 0x00, 0x18, 0x00, 0x30, 0x00, 0x60, 0x00, 0xC0, 0x00, 0xFC, 0x00, 0x00, 0x00, 0x00, 0x00, 0x00, 0x00, 0x00, 0x00, 0x00, 0x00, 0x00, 0x00, 0x00, 0x00}},  // 2
    {0x0033, 7, {0x00, 0x00, 0x00, 0x00, 0x00, 0x00, 0x00, 0x00, 0x78, 0x00, 0xCC, 0x00, 0x0C, 0x00, 0x0C, 0x00, 0x38, 0x00, 0x0C, 0x00, 0x0C, 0x00, 0xCC, 0x00, 0x78, 0x00, 0x00, 0x00, 0x00, 0x00, 0x00, 0x00, 0x00, 0x00, 0x00, 0x00, 0x00, 0x00, 0x00, 0x00}},  // 3
    {0x0034, 7, {0x00, 0x00, 0x00, 0x00, 0x00, 0x00, 0x00, 0x00, 0x18, 0x00, 0x38, 0x00, 0x38, 0x00, 0x68, 0x00, 0x68, 0x00, 0xD8, 0x00, 0xFC, 0x00, 0x18, 0x00, 0x18, 0x00, 0x00, 0x00, 0x00, 0x00, 0x00, 0x00, 0x00, 0x00, 0x00, 0x00, 0x00, 0x00, 0x00, 0x00}},  // 4
    {0x0035, 7, {0x00, 0x00, 0x00, 0x00, 0x00, 0x00, 0x00, 0x00, 0xFC, 0x00, 0xC0, 0x00, 0xC0, 0x00, 0xC0, 0x00, 0xF8, 0x00, 0x0C, 0x00, 0x0C, 0x00, 0xCC, 0x00, 0x78, 0x00, 0x00, 0x00, 0x00, 0x00, 0x00, 0x00, 0x00, 0x00, 0x00, 0x00, 0x00, 0x00, 0x00, 0x00}},  // 5
    {0x0036, 7, {0x00, 0x00, 0x00, 0x00, 0x00, 0x00, 0x00, 0x00, 0x78, 0x00, 0xCC, 0x00, 0xC0, 0x00, 0xC0, 0x00, 0xF8, 0x00, 0xCC, 0x00, 0xCC, 0x00, 0xCC, 0x00, 0x78, 0x00, 0x00, 0x00, 0x00, 0x00, 0x00, 0x00, 0x00, 0x00, 0x00, 0x00, 0x00, 0x00, 0x00, 0x00}},  // 6
    {0x0037, 7, {0x00, 0x00, 0x00, 0x00, 0x00, 0x00, 0x00, 0x00, 0xFC, 0x00, 0x0C, 0x00, 0x0C, 0x00, 0x18, 0x00, 0x18, 0x00, 0x30, 0x00, 0x30, 0x00, 0x30, 0x00, 0x30, 0x00, 0x00, 0x00, 0x00, 0x00, 0x00, 0x00, 0x00, 0x00, 0x00, 0x00, 0x00, 0x00, 0x00, 0x00}},  // 7
    {0x0038, 7, {0x00, 0x00, 0x00, 0x00, 0x00, 0x00, 0x00, 0x00, 0x78, 0x00, 0xCC, 0x00, 0xCC, 0x00, 0xCC, 0x00, 0x78, 0x00, 0xCC, 0x00, 0xCC, 0x00, 0xCC, 0x00, 0x78, 0x00, 0x00, 0x00, 0x00, 0x00, 0x00, 0x00, 0x00, 0x00, 0x00, 0x00, 0x00, 0x00, 0x00, 0x00}},  // 8
    {0x0039, 7, {0x00, 0x00, 0x00, 0x00, 0x00, 0x00, 0x00, 0x00, 0x78, 0x00, 0xCC, 0x00, 0xCC, 0x00, 0xCC, 0x00, 0x7C, 0x00, 0x0C, 0x00, 0x0C, 0x00, 0xCC, 0x00, 0x78, 0x00, 0x00, 0x00, 0x00, 0x00, 0x00, 0x00, 0x00, 0x00, 0x00, 0x00, 0x00, 0x00, 0x00, 0x00}},  // 9
    {0x003A, 5, {0x00, 0x00, 0x00, 0x00, 0x00, 0x00, 0x00, 0x00, 0x00, 0x00, 0x00, 0x00, 0x00, 0x00, 0x60, 0x00, 0x00, 0x00, 0x00, 0x00, 0x00, 0x00, 0x00, 0x00, 0x60, 0x00, 0x00, 0x00, 0x00, 0x00, 0x00, 0x00, 0x00, 0x00, 0x00, 0x00, 0x00, 0x00, 0x00, 0x00}},  // :
    {0x003B, 5, {0x00, 0x00, 0x00, 0x00, 0x00, 0x00, 0x00, 0x00, 0x00, 0x00, 0x00, 0x00, 0x00, 0x00, 0x60, 0x00, 0x00, 0x00, 0x00, 0x00, 0x00, 0x00, 0x00, 0x00, 0x60, 0x00, 0x60, 0x00, 0xC0, 0x00, 0x00, 0x00, 0x00, 0x00, 0x00, 0x00, 0x00, 0x00, 0x00, 0x00}},  // ;
    {0x003C, 6, {0x00, 0x00, 0x00, 0x00, 0x00, 0x00, 0x00, 0x00, 0x00, 0x00, 0x00, 0x00, 0x18, 0x00, 0x30, 0x00, 0x60, 0x00, 0xC0, 0x00, 0x60, 0x00, 0x30, 0x00, 0x18, 0x00, 0x00, 0x00, 0x00, 0x00, 0x00, 0x00, 0x00, 0x00, 0x00, 0x00, 0x00, 0x00, 0x00, 0x00}},  // <
    {0x003D, 7, {0x00, 0x00, 0x00, 0x00, 0x00, 0x00, 0x00, 0x00, 0x00, 0x00, 0x00, 0x00, 0x00, 0x00, 0x00, 0x00, 0xFC, 0x00, 0x00, 0x00, 0xFC, 0x00, 0x00, 0x00, 0x00, 0x00, 0x00, 0x00, 0x00, 0x00, 0x00, 0x00, 0x00, 0x00, 0x00, 0x00, 0x00, 0x00, 0x00, 0x00}},  // =
    {0x003E, 6, {0x00, 0x00, 0x00, 0x00, 0x00, 0x00, 0x00, 0x00, 0x00, 0x00, 0x00, 0x00, 0xC0, 0x00, 0x60, 0x00, 0x30, 0x00, 0x18, 0x00, 0x30, 0x00, 0x60, 0x00, 0xC0, 0x00, 0x00, 0x00, 0x00, 0x00, 0x00, 0x00, 0x00, 0x00, 0x00, 0x00, 0x00, 0x00, 0x00, 0x00}},  // >
    {0x003F, 7, {0x00, 0x00, 0x00, 0x00, 0x00, 0x00, 0x00, 0x00, 0x78, 0x00, 0xCC, 0x00, 0x0C, 0x00, 0x0C, 0x00, 0x18, 0x00, 0x30, 0x00, 0x30, 0x00, 0x00, 0x00, 0x30, 0x00, 0x00, 0x00, 0x00, 0x00, 0x00, 0x00, 0x00, 0x00, 0x00, 0x00, 0x00, 0x00, 0x00, 0x00}},  // ?
    {0x0040, 9, {0x00, 0x00, 0x00, 0x00, 0x00, 0x00, 0x00, 0x00, 0x3C, 0x00, 0x66, 0x00, 0xDD, 0x00, 0xD5, 0x00, 0xD5, 0x00, 0xD5, 0x00, 0xD5, 0x00, 0xDB, 0x00, 0x60, 0x00, 0x3E, 0x00, 0x00, 0x00, 0x00, 0x00, 0x00, 0x00, 0x00, 0x00, 0x00, 0x00, 0x00, 0x00}},  // @
    {0x0041, 9, {0x00, 0x00, 0x00, 0x00, 0x00, 0x00, 0x00, 0x00, 0x18, 0x00, 0x18, 0x00, 0x34, 0x00, 0x34, 0x00, 0x66, 0x00, 0x7E, 0x00, 0x66, 0x00, 0xC3, 0x00, 0xC3, 0x00, 0x00, 0x00, 0x00, 0x00, 0x00, 0x00, 0x00, 0x00, 0x00, 0x00, 0x00, 0x00, 0x00, 0x00}},  // A
    {0x0042, 8, {0x00, 0x00, 0x00, 0x00, 0x00, 0x00, 0x00, 0x00, 0xFC, 0x00, 0xC6, 0x00, 0xC6, 0x00, 0xC6, 0x00, 0xFC, 0x00, 0xC6, 0x00, 0xC6, 0x00, 0xC6, 0x00, 0xFC, 0x00, 0x00, 0x00, 0x00, 0x00, 0x00, 0x00, 0x00, 0x00, 0x00, 0x00, 0x00, 0x00, 0x00, 0x00}},  // B
    {0x0043, 8, {0x00, 0x00, 0x00, 0x00, 0x00, 0x00, 0x00, 0x00, 0x3C, 0x00, 0x66, 0x00, 0xC0, 0x00, 0xC0, 0x00, 0xC0, 0x00, 0xC0, 0x00, 0xC0, 0x00, 0x66, 0x00, 0x3C, 0x00, 0x00, 0x00, 0x00, 0x00, 0x00, 0x00, 0x00, 0x00, 0x00, 0x00, 0x00, 0x00, 0x00, 0x00}},  // C
    {0x0044, 8, {0x00, 0x00, 0x00, 0x00, 0x00, 0x00, 0x00, 0x00, 0xF8, 0x00, 0xCC, 0x00, 0xC6, 0x00, 0xC6, 0x00, 0xC6, 0x00, 0xC6, 0x00, 0xC6, 0x00, 0xCC, 0x00, 0xF8, 0x00, 0x00, 0x00, 0x00, 0x00, 0x00, 0x00, 0x00, 0x00, 0x00, 0x00, 0x00, 0x00, 0x00, 0x00}},  // D
    {0x0045, 8, {0x00, 0x00, 0x00, 0x00, 0x00, 0x00, 0x00, 0x00, 0xFE, 0x00, 0xC0, 0x00, 0xC0, 0x00, 0xC0, 0x00, 0xFC, 0x00, 0xC0, 0x00, 0xC0, 0x00, 0xC0, 0x00, 0xFE, 0x00, 0x00, 0x00, 0x00, 0x00, 0x00, 0x00, 0x00, 0x00, 0x00, 0x00, 0x00, 0x00, 0x00, 0x00}},  // E
    {0x0046, 8, {0x00, 0x00, 0x00, 0x00, 0x00, 0x00, 0x00, 0x00, 0xFE, 0x00, 0xC0, 0x00, 0xC0, 0x00, 0xC0, 0x00, 0xFC, 0x00, 0xC0, 0x00, 0xC0, 0x00, 0xC0, 0x00, 0xC0, 0x00, 0x00, 0x00, 0x00, 0x00, 0x00, 0x00, 0x00, 0x00, 0x00, 0x00, 0x00, 0x00, 0x00, 0x00}},  // F
    {0x0047, 8, {0x00, 0x00, 0x00, 0x00, 0x00, 0x00, 0x00, 0x00, 0x3C, 0x00, 0x66, 0x00, 0xC0, 0x00, 0xC0, 0x00, 0xC0, 0x00, 0xCE, 0x00, 0xC6, 0x00, 0x66, 0x00, 0x3E, 0x00, 0x00, 0x00, 0x00, 0x00, 0x00, 0x00, 0x00, 0x00, 0x00, 0x00, 0x00, 0x00, 0x00, 0x00}},  // G
    {0x0048, 8, {0x00, 0x00, 0x00, 0x00, 0x00, 0x00, 0x00, 0x00, 0xC6, 0x00, 0xC6, 0x00, 0xC6, 0x00, 0xC6, 0x00, 0xFE, 0x00, 0xC6, 0x00, 0xC6, 0x00, 0xC6, 0x00, 0xC6, 0x00, 0x00, 0x00, 0x00, 0x00, 0x00, 0x00, 0x00, 0x00, 0x00, 0x00, 0x00, 0x00, 0x00, 0x00}},  // H
    {0x0049, 5, {0x00, 0x00, 0x00, 0x00, 0x00, 0x00, 0x00, 0x00, 0xF0, 0x00, 0x60, 0x00, 0x60, 0x00, 0x60, 0x00, 0x60, 0x00, 0x60, 0x00, 0x60, 0x00, 0x60, 0x00, 0xF0, 0x00, 0x00, 0x00, 0x00, 0x00, 0x00, 0x00, 0x00, 0x00, 0x00, 0x00, 0x00, 0x00, 0x00, 0x00}},  // I
    {0x004A, 7, {0x00, 0x00, 0x00, 0x00, 0x00, 0x00, 0x00, 0x00, 0x0C, 0x00, 0x0C, 0x00, 0x0C, 0x00, 0x0C, 0x00, 0x0C, 0x00, 0x0C, 0x00, 0xCC, 0x00, 0xCC, 0x00, 0x78, 0x00, 0x00, 0x00, 0x00, 0x00, 0x00, 0x00, 0x00, 0x00, 0x00, 0x00, 0x00, 0x00, 0x00, 0x00}},  // J
    {0x004B, 8, {0x00, 0x00, 0x00, 0x00, 0x00, 0x00, 0x00, 0x00, 0xC6, 0x00, 0xCC, 0x00, 0xD8, 0x00, 0xD0, 0x00, 0xE0, 0x00, 0xD0, 0x00, 0xD8, 0x00, 0xCC, 0x00, 0xC6, 0x00, 0x00, 0x00, 0x00, 0x00, 0x00, 0x00, 0x00, 0x00, 0x00, 0x00, 0x00, 0x00, 0x00, 0x00}},  // K
    {0x004C, 7, {0x00, 0x00, 0x00, 0x00, 0x00, 0x00, 0x00, 0x00, 0xC0, 0x00, 0xC0, 0x00, 0xC0, 0x00, 0xC0, 0x00, 0xC0, 0x00, 0xC0, 0x00, 0xC0, 0x00, 0xC0, 0x00, 0xFC, 0x00, 0x00, 0x00, 0x00, 0x00, 0x00, 0x00, 0x00, 0x00, 0x00, 0x00, 0x00, 0x00, 0x00, 0x00}},  // L
    {0x004D, 9, {0x00, 0x00, 0x00, 0x00, 0x00, 0x00, 0x00, 0x00, 0xC3, 0x00, 0xC3, 0x00, 0xE7, 0x00, 0xE7, 0x00, 0xD5, 0x00, 0xD5, 0x00, 0xDB, 0x00, 0xDB, 0x00, 0xDB, 0x00, 0x00, 0x00, 0x00, 0x00, 0x00, 0x00, 0x00, 0x00, 0x00, 0x00, 0x00, 0x00, 0x00, 0x00}},  // M
    {0x004E, 8, {0x00, 0x00, 0x00, 0x00, 0x00, 0x00, 0x00, 0x00, 0xC6, 0x00, 0xE6, 0x00, 0xD6, 0x00, 0xD6, 0x00, 0xDA, 0x00, 0xDA, 0x00, 0xCE, 0x00, 0xCE, 0x00, 0xC6, 0x00, 0x00, 0x00, 0x00, 0x00, 0x00, 0x00, 0x00, 0x00, 0x00, 0x00, 0x00, 0x00, 0x00, 0x00}},  // N
    {0x004F, 9, {0x00, 0x00, 0x00, 0x00, 0x00, 0x00, 0x00, 0x00, 0x3C, 0x00, 0x66, 0x00, 0xC3, 0x00, 0xC3, 0x00, 0xC3, 0x00, 0xC3, 0x00, 0xC3, 0x00, 0x66, 0x00, 0x3C, 0x00, 0x00, 0x00, 0x00, 0x00, 0x00, 0x00, 0x00, 0x00, 0x00, 0x00, 0x00, 0x00, 0x00, 0x00}},  // O
    {0x0050, 8, {0x00, 0x00, 0x00, 0x00, 0x00, 0x00, 0x00, 0x00, 0xFC, 0x00, 0xC6, 0x00, 0xC6, 0x00, 0xC6, 0x00, 0xFC, 0x00, 0xC0, 0x00, 0xC0, 0x00, 0xC0, 0x00, 0xC0, 0x00, 0x00, 0x00, 0x00, 0x00, 0x00, 0x00, 0x00, 0x00, 0x00, 0x00, 0x00, 0x00, 0x00, 0x00}},  // P
    {0x0051, 9, {0x00, 0x00, 0x00, 0x00, 0x00, 0x00, 0x00, 0x00, 0x3C, 0x00, 0x66, 0x00, 0xC3, 0x00, 0xC3, 0x00, 0xC3, 0x00, 0xC3, 0x00, 0xCD, 0x00, 0x66, 0x00, 0x3D, 0x00, 0x00, 0x00, 0x00, 0x00, 0x00, 0x00, 0x00, 0x00, 0x00, 0x00, 0x00, 0x00, 0x00, 0x00}},  // Q
    {0x0052, 8, {0x00, 0x00, 0x00, 0x00, 0x00, 0x00, 0x00, 0x00, 0xFC, 0x00, 0xC6, 0x00, 0xC6, 0x00, 0xC6, 0x00, 0xFC, 0x00, 0xD8, 0x00, 0xCC, 0x00, 0xCC, 0x00, 0xC6, 0x00, 0x00, 0x00, 0x00, 0x00, 0x00, 0x00, 0x00, 0x00, 0x00, 0x00, 0x00, 0x00, 0x00, 0x00}},  // R
    {0x0053, 8, {0x00, 0x00, 0x00, 0x00, 0x00, 0x00, 0x00, 0x00, 0x7C, 0x00, 0xC6, 0x00, 0xC0, 0x00, 0x60, 0x00, 0x38, 0x00, 0x0C, 0x00, 0x06, 0x00, 0xC6, 0x00, 0x7C, 0x00, 0x00, 0x00, 0x00, 0x00, 0x00, 0x00, 0x00, 0x00, 0x00, 0x00, 0x00, 0x00, 0x00, 0x00}},  // S
    {0x0054, 9, {0x00, 0x00, 0x00, 0x00, 0x00, 0x00, 0x00, 0x00, 0xFF, 0x00, 0x18, 0x00, 0x18, 0x00, 0x18, 0x00, 0x18, 0x00, 0x18, 0x00, 0x18, 0x00, 0x18, 0x00, 0x18, 0x00, 0x00, 0x00, 0x00, 0x00, 0x00, 0x00, 0x00, 0x00, 0x00, 0x00, 0x00, 0x00, 0x00, 0x00}},  // T
    {0x0055, 8, {0x00, 0x00, 0x00, 0x00, 0x00, 0x00, 0x00, 0x00, 0xC6, 0x00, 0xC6, 0x00, 0xC6, 0x00, 0xC6, 0x00, 0xC6, 0x00, 0xC6, 0x00, 0xC6, 0x00, 0xC6, 0x00, 0x7C, 0x00, 0x00, 0x00, 0x00, 0x00, 0x00, 0x00, 0x00, 0x00, 0x00, 0x00, 0x00, 0x00, 0x00, 0x00}},  // U
    {0x0056, 9, {0x00, 0x00, 0x00, 0x00, 0x00, 0x00, 0x00, 0x00, 0xC3, 0x00, 0xC3, 0x00, 0x66, 0x00, 0x66, 0x00, 0x66, 0x00, 0x34, 0x00, 0x34, 0x00, 0x18, 0x00, 0x18, 0x00, 0x00, 0x00, 0x00, 0x00, 0x00, 0x00, 0x00, 0x00, 0x00, 0x00, 0x00, 0x00, 0x00, 0x00}},  // V
    {0x0057, 11, {0x00, 0x00, 0x00, 0x00, 0x00, 0x00, 0x00, 0x00, 0xCC, 0xC0, 0xCC, 0xC0, 0xCC, 0xC0, 0x6A, 0x80, 0x6A, 0x80, 0x6A, 0x80, 0x33, 0x00, 0x33, 0x00, 0x33, 0x00, 0x00, 0x00, 0x00, 0x00, 0x00, 0x00, 0x00, 0x00, 0x00, 0x00, 0x00, 0x00, 0x00, 0x00}},  // W
    {0x0058, 9, {0x00, 0x00, 0x00, 0x00, 0x00, 0x00, 0x00, 0x00, 0xC3, 0x00, 0x66, 0x00, 0x66, 0x00, 0x34, 0x00, 0x18, 0x00, 0x34, 0x00, 0x66, 0x00, 0x66, 0x00, 0xC3, 0x00, 0x00, 0x00, 0x00, 0x00, 0x00, 0x00, 0x00, 0x00, 0x00, 0x00, 0x00, 0x00, 0x00, 0x00}},  // X
    {0x0059, 9, {0x00, 0x00, 0x00, 0x00, 0x00, 0x00, 0x00, 0x00, 0xC3, 0x00, 0x66, 0x00, 0x66, 0x00, 0x34, 0x00, 0x34, 0x00, 0x18, 0x00, 0x18, 0x00, 0x18, 0x00, 0x18, 0x00, 0x00, 0x00, 0x00, 0x00, 0x00, 0x00, 0x00, 0x00, 0x00, 0x00, 0x00, 0x00, 0x00, 0x00}},  // Y
    {0x005A, 8, {0x00, 0x00, 0x00, 0x00, 0x00, 0x00, 0x00, 0x00, 0xFE, 0x00, 0x06, 0x00, 0x0C, 0x00, 0x18, 0x00, 0x30, 0x00, 0x30, 0x00, 0x60, 0x00, 0xC0, 0x00, 0xFE, 0x00, 0x00, 0x00, 0x00, 0x00, 0x00, 0x00, 0x00, 0x00, 0x00, 0x00, 0x00, 0x00, 0x00, 0x00}},  // Z
    {0x005B, 7, {0x00, 0x00, 0x00, 0x00, 0x00, 0x00, 0x78, 0x00, 0x60, 0x00, 0x60, 0x00, 0x60, 0x00, 0x60, 0x00, 0x60, 0x00, 0x60, 0x00, 0x60, 0x00, 0x60, 0x00, 0x60, 0x00, 0x78, 0x00, 0x00, 0x00, 0x00, 0x00, 0x00, 0x00, 0x00, 0x00, 0x00, 0x00, 0x00, 0x00}},  // [
    {0x005C, 7, {0x00, 0x00, 0x00, 0x00, 0x00, 0x00, 0xC0, 0x00, 0xC0, 0x00, 0x60, 0x00, 0x60, 0x00, 0x30, 0x00, 0x30, 0x00, 0x30, 0x00, 0x18, 0x00, 0x18, 0x00, 0x0C, 0x00, 0x0C, 0x00, 0x00, 0x00, 0x00, 0x00, 0x00, 0x00, 0x00, 0x00, 0x00, 0x00, 0x00, 0x00}},  // U+005C
    {0x005D, 7, {0x00, 0x00, 0x00, 0x00, 0x00, 0x00, 0x78, 0x00, 0x18, 0x00, 0x18, 0x00, 0x18, 0x00, 0x18, 0x00, 0x18, 0x00, 0x18, 0x00, 0x18, 0x00, 0x18, 0x00, 0x18, 0x00, 0x78, 0x00, 0x00, 0x00, 0x00, 0x00, 0x00, 0x00, 0x00, 0x00, 0x00, 0x00, 0x00, 0x00}},  // ]
    {0x005E, 7, {0x00, 0x00, 0x00, 0x00, 0x00, 0x00, 0x00, 0x00, 0x30, 0x00, 0x68, 0x00, 0xCC, 0x00, 0x00, 0x00, 0x00, 0x00, 0x00, 0x00, 0x00, 0x00, 0x00, 0x00, 0x00, 0x00, 0x00, 0x00, 0x00, 0x00, 0x00, 0x00, 0x00, 0x00, 0x00, 0x00, 0x00, 0x00, 0x00, 0x00}},  // ^
    {0x005F, 7, {0x00, 0x00, 0x00, 0x00, 0x00, 0x00, 0x00, 0x00, 0x00, 0x00, 0x00, 0x00, 0x00, 0x00, 0x00, 0x00, 0x00, 0x00, 0x00, 0x00, 0x00, 0x00, 0x00, 0x00, 0x00, 0x00, 0x00, 0x00, 0xFC, 0x00, 0x00, 0x00, 0x00, 0x00, 0x00, 0x00, 0x00, 0x00, 0x00, 0x00}},  // _
    {0x0060, 6, {0x00, 0x00, 0x00, 0x00, 0x00, 0x00, 0x00, 0x00, 0x60, 0x00, 0x30, 0x00, 0x00, 0x00, 0x00, 0x00, 0x00, 0x00, 0x00, 0x00, 0x00, 0x00, 0x00, 0x00, 0x00, 0x00, 0x00, 0x00, 0x00, 0x00, 0x00, 0x00, 0x00, 0x00, 0x00, 0x00, 0x00, 0x00, 0x00, 0x00}},  // `
    {0x0061, 7, {0x00, 0x00, 0x00, 0x00, 0x00, 0x00, 0x00, 0x00, 0x00, 0x00, 0x00, 0x00, 0x00, 0x00, 0x78, 0x00, 0x0C, 0x00, 0x7C, 0x00, 0xCC, 0x00, 0xCC, 0x00, 0x7C, 0x00, 0x00, 0x00, 0x00, 0x00, 0x00, 0x00, 0x00, 0x00, 0x00, 0x00, 0x00, 0x00, 0x00, 0x00}},  // a
    {0x0062, 7, {0x00, 0x00, 0x00, 0x00, 0x00, 0x00, 0x00, 0x00, 0xC0, 0x00, 0xC0, 0x00, 0xC0, 0x00, 0xF8, 0x00, 0xCC, 0x00, 0xCC, 0x00, 0xCC, 0x00, 0xCC, 0x00, 0xF8, 0x00, 0x00, 0x00, 0x00, 0x00, 0x00, 0x00, 0x00, 0x00, 0x00, 0x00, 0x00, 0x00, 0x00, 0x00}},  // b
    {0x0063, 7, {0x00, 0x00, 0x00, 0x00, 0x00, 0x00, 0x00, 0x00, 0x00, 0x00, 0x00, 0x00, 0x00, 0x00, 0x78, 0x00, 0xCC, 0x00, 0xC0, 0x00, 0xC0, 0x00, 0xCC, 0x00, 0x78, 0x00, 0x00, 0x00, 0x00, 0x00, 0x00, 0x00, 0x00, 0x00, 0x00, 0x00, 0x00, 0x00, 0x00, 0x00}},  // c
    {0x0064, 7, {0x00, 0x00, 0x00, 0x00, 0x00, 0x00, 0x00, 0x00, 0x0C, 0x00, 0x0C, 0x00, 0x0C, 0x00, 0x7C, 0x00, 0xCC, 0x00, 0xCC, 0x00, 0xCC, 0x00, 0xCC, 0x00, 0x7C, 0x00, 0x00, 0x00, 0x00, 0x00, 0x00, 0x00, 0x00, 0x00, 0x00, 0x00, 0x00, 0x00, 0x00, 0x00}},  // d
    {0x0065, 7, {0x00, 0x00, 0x00, 0x00, 0x00, 0x00, 0x00, 0x00, 0x00, 0x00, 0x00, 0x00, 0x00, 0x00, 0x78, 0x00, 0xCC, 0x00, 0xFC, 0x00, 0xC0, 0x00, 0xCC, 0x00, 0x78, 0x00, 0x00, 0x00, 0x00, 0x00, 0x00, 0x00, 0x00, 0x00, 0x00, 0x00, 0x00, 0x00, 0x00, 0x00}},  // e
    {0x0066, 6, {0x00, 0x00, 0x00, 0x00, 0x00, 0x00, 0x00, 0x00, 0x38, 0x00, 0x60, 0x00, 0x60, 0x00, 0xF8, 0x00, 0x60, 0x00, 0x60, 0x00, 0x60, 0x00, 0x60, 0x00, 0x60, 0x00, 0x00, 0x00, 0x00, 0x00, 0x00, 0x00, 0x00, 0x00, 0x00, 0x00, 0x00, 0x00, 0x00, 0x00}},  // f
    {0x0067, 7, {0x00, 0x00, 0x00, 0x00, 0x00, 0x00, 0x00, 0x00, 0x00, 0x00, 0x00, 0x00, 0x00, 0x00, 0x7C, 0x00, 0xCC, 0x00, 0xCC, 0x00, 0xCC, 0x00, 0xCC, 0x00, 0x7C, 0x00, 0x0C, 0x00, 0x78, 0x00, 0x00, 0x00, 0x00, 0x00, 0x00, 0x00, 0x00, 0x00, 0x00, 0x00}},  // g
    {0x0068, 7, {0x00, 0x00, 0x00, 0x00, 0x00, 0x00, 0x00, 0x00, 0xC0, 0x00, 0xC0, 0x00, 0xC0, 0x00, 0xD8, 0x00, 0xEC, 0x00, 0xCC, 0x00, 0xCC, 0x00, 0xCC, 0x00, 0xCC, 0x00, 0x00, 0x00, 0x00, 0x00, 0x00, 0x00, 0x00, 0x00, 0x00, 0x00, 0x00, 0x00, 0x00, 0x00}},  // h
    {0x0069, 5, {0x00, 0x00, 0x00, 0x00, 0x00, 0x00, 0x00, 0x00, 0x60, 0x00, 0x00, 0x00, 0x00, 0x00, 0xE0, 0x00, 0x60, 0x00, 0x60, 0x00, 0x60, 0x00, 0x60, 0x00, 0xF0, 0x00, 0x00, 0x00, 0x00, 0x00, 0x00, 0x00, 0x00, 0x00, 0x00, 0x00, 0x00, 0x00, 0x00, 0x00}},  // i
    {0x006A, 5, {0x00, 0x00, 0x00, 0x00, 0x00, 0x00, 0x00, 0x00, 0x30, 0x00, 0x00, 0x00, 0x00, 0x00, 0xF0, 0x00, 0x30, 0x00, 0x30, 0x00, 0x30, 0x00, 0x30, 0x00, 0x30, 0x00, 0x30, 0x00, 0xE0, 0x00, 0x00, 0x00, 0x00, 0x00, 0x00, 0x00, 0x00, 0x00, 0x00, 0x00}},  // j
    {0x006B, 7, {0x00, 0x00, 0x00, 0x00, 0x00, 0x00, 0x00, 0x00, 0xC0, 0x00, 0xC0, 0x00, 0xC0, 0x00, 0xCC, 0x00, 0xD8, 0x00, 0xE0, 0x00, 0xD0, 0x00, 0xD8, 0x00, 0xCC, 0x00, 0x00, 0x00, 0x00, 0x00, 0x00, 0x00, 0x00, 0x00, 0x00, 0x00, 0x00, 0x00, 0x00, 0x00}},  // k
    {0x006C, 5, {0x00, 0x00, 0x00, 0x00, 0x00, 0x00, 0x00, 0x00, 0xE0, 0x00, 0x60, 0x00, 0x60, 0x00, 0x60, 0x00, 0x60, 0x00, 0x60, 0x00, 0x60, 0x00, 0x60, 0x00, 0x70, 0x00, 0x00, 0x00, 0x00, 0x00, 0x00, 0x00, 0x00, 0x00, 0x00, 0x00, 0x00, 0x00, 0x00, 0x00}},  // l
    {0x006D, 9, {0x00, 0x00, 0x00, 0x00, 0x00, 0x00, 0x00, 0x00, 0x00, 0x00, 0x00, 0x00, 0x00, 0x00, 0xF6, 0x00, 0xDB, 0x00, 0xDB, 0x00, 0xDB, 0x00, 0xDB, 0x00, 0xDB, 0x00, 0x00, 0x00, 0x00, 0x00, 0x00, 0x00, 0x00, 0x00, 0x00, 0x00, 0x00, 0x00, 0x00, 0x00}},  // m
    {0x006E, 7, {0x00, 0x00, 0x00, 0x00, 0x00, 0x00, 0x00, 0x00, 0x00, 0x00, 0x00, 0x00, 0x00, 0x00, 0xD8, 0x00, 0xEC, 0x00, 0xCC, 0x00, 0xCC, 0x00, 0xCC, 0x00, 0xCC, 0x00, 0x00, 0x00, 0x00, 0x00, 0x00, 0x00, 0x00, 0x00, 0x00, 0x00, 0x00, 0x00, 0x00, 0x00}},  // n
    {0x006F, 7, {0x00, 0x00, 0x00, 0x00, 0x00, 0x00, 0x00, 0x00, 0x00, 0x00, 0x00, 0x00, 0x00, 0x00, 0x78, 0x00, 0xCC, 0x00, 0xCC, 0x00, 0xCC, 0x00, 0xCC, 0x00, 0x78, 0x00, 0x00, 0x00, 0x00, 0x00, 0x00, 0x00, 0x00, 0x00, 0x00, 0x00, 0x00, 0x00, 0x00, 0x00}},  // o
    {0x0070, 7, {0x00, 0x00, 0x00, 0x00, 0x00, 0x00, 0x00, 0x00, 0x00, 0x00, 0x00, 0x00, 0x00, 0x00, 0xF8, 0x00, 0xCC, 0x00, 0xCC, 0x00, 0xCC, 0x00, 0xCC, 0x00, 0xF8, 0x00, 0xC0, 0x00, 0xC0, 0x00, 0x00, 0x00, 0x00, 0x00, 0x00, 0x00, 0x00, 0x00, 0x00, 0x00}},  // p
    {0x0071, 7, {0x00, 0x00, 0x00, 0x00, 0x00, 0x00, 0x00, 0x00, 0x00, 0x00, 0x00, 0x00, 0x00, 0x00, 0x7C, 0x00, 0xCC, 0x00, 0xCC, 0x00, 0xCC, 0x00, 0xCC, 0x00, 0x7C, 0x00, 0x0C, 0x00, 0x0C, 0x00, 0x00, 0x00, 0x00, 0x00, 0x00, 0x00, 0x00, 0x00, 0x00, 0x00}},  // q
    {0x0072, 6, {0x00, 0x00, 0x00, 0x00, 0x00, 0x00, 0x00, 0x00, 0x00, 0x00, 0x00, 0x00, 0x00, 0x00, 0xD8, 0x00, 0xE0, 0x00, 0xC0, 0x00, 0xC0, 0x00, 0xC0, 0x00, 0xC0, 0x00, 0x00, 0x00, 0x00, 0x00, 0x00, 0x00, 0x00, 0x00, 0x00, 0x00, 0x00, 0x00, 0x00, 0x00}},  // r
    {0x0073, 7, {0x00, 0x00, 0x00, 0x00, 0x00, 0x00, 0x00, 0x00, 0x00, 0x00, 0x00, 0x00, 0x00, 0x00, 0x78, 0x00, 0xCC, 0x00, 0x70, 0x00, 0x18, 0x00, 0xCC, 0x00, 0x78, 0x00, 0x00, 0x00, 0x00, 0x00, 0x00, 0x00, 0x00, 0x00, 0x00, 0x00, 0x00, 0x00, 0x00, 0x00}},  // s
    {0x0074, 6, {0x00, 0x00, 0x00, 0x00, 0x00, 0x00, 0x00, 0x00, 0x60, 0x00, 0x60, 0x00, 0x60, 0x00, 0xF8, 0x00, 0x60, 0x00, 0x60, 0x00, 0x60, 0x00, 0x60, 0x00, 0x38, 0x00, 0x00, 0x00, 0x00, 0x00, 0x00, 0x00, 0x00, 0x00, 0x00, 0x00, 0x00, 0x00, 0x00, 0x00}},  // t
    {0x0075, 7, {0x00, 0x00, 0x00, 0x00, 0x00, 0x00, 0x00, 0x00, 0x00, 0x00, 0x00, 0x00, 0x00, 0x00, 0xCC, 0x00, 0xCC, 0x00, 0xCC, 0x00, 0xCC, 0x00, 0xDC, 0x00, 0x74, 0x00, 0x00, 0x00, 0x00, 0x00, 0x00, 0x00, 0x00, 0x00, 0x00, 0x00, 0x00, 0x00, 0x00, 0x00}},  // u
    {0x0076, 7, {0x00, 0x00, 0x00, 0x00, 0x00, 0x00, 0x00, 0x00, 0x00, 0x00, 0x00, 0x00, 0x00, 0x00, 0xCC, 0x00, 0xCC, 0x00, 0x68, 0x00, 0x68, 0x00, 0x30, 0x00, 0x30, 0x00, 0x00, 0x00, 0x00, 0x00, 0x00, 0x00, 0x00, 0x00, 0x00, 0x00, 0x00, 0x00, 0x00, 0x00}},  // v
    {0x0077, 9, {0x00, 0x00, 0x00, 0x00, 0x00, 0x00, 0x00, 0x00, 0x00, 0x00, 0x00, 0x00, 0x00, 0x00, 0xDB, 0x00, 0xDB, 0x00, 0xD5, 0x00, 0xD5, 0x00, 0x66, 0x00, 0x66, 0x00, 0x00, 0x00, 0x00, 0x00, 0x00, 0x00, 0x00, 0x00, 0x00, 0x00, 0x00, 0x00, 0x00, 0x00}},  // w
    {0x0078, 7, {0x00, 0x00, 0x00, 0x00, 0x00, 0x00, 0x00, 0x00, 0x00, 0x00, 0x00, 0x00, 0x00, 0x00, 0xCC, 0x00, 0x68, 0x00, 0x30, 0x00, 0x30, 0x00, 0x68, 0x00, 0xCC, 0x00, 0x00, 0x00, 0x00, 0x00, 0x00, 0x00, 0x00, 0x00, 0x00, 0x00, 0x00, 0x00, 0x00, 0x00}},  // x
    {0x0079, 7, {0x00, 0x00, 0x00, 0x00, 0x00, 0x00, 0x00, 0x00, 0x00, 0x00, 0x00, 0x00, 0x00, 0x00, 0xCC, 0x00, 0xCC, 0x00, 0xCC, 0x00, 0x68, 0x00, 0x68, 0x00, 0x30, 0x00, 0x30, 0x00, 0xE0, 0x00, 0x00, 0x00, 0x00, 0x00, 0x00, 0x00, 0x00, 0x00, 0x00, 0x00}},  // y
    {0x007A, 7, {0x00, 0x00, 0x00, 0x00, 0x00, 0x00, 0x00, 0x00, 0x00, 0x00, 0x00, 0x00, 0x00, 0x00, 0xFC, 0x00, 0x18, 0x00, 0x30, 0x00, 0x60, 0x00, 0xC0, 0x00, 0xFC, 0x00, 0x00, 0x00, 0x00, 0x00, 0x00, 0x00, 0x00, 0x00, 0x00, 0x00, 0x00, 0x00, 0x00, 0x00}},  // z
    {0x007B, 8, {0x00, 0x00, 0x00, 0x00, 0x00, 0x00, 0x1C, 0x00, 0x30, 0x00, 0x30, 0x00, 0x30, 0x00, 0x30, 0x00, 0x60, 0x00, 0x30, 0x00, 0x30, 0x00, 0x30, 0x00, 0x30, 0x00, 0x1C, 0x00, 0x00, 0x00, 0x00, 0x00, 0x00, 0x00, 0x00, 0x00, 0x00, 0x00, 0x00, 0x00}},  // {
    {0x007C, 5, {0x00, 0x00, 0x00, 0x00, 0x00, 0x00, 0x60, 0x00, 0x60, 0x00, 0x60, 0x00, 0x60, 0x00, 0x60, 0x00, 0x60, 0x00, 0x60, 0x00, 0x60, 0x00, 0x60, 0x00, 0x60, 0x00, 0x60, 0x00, 0x00, 0x00, 0x00, 0x00, 0x00, 0x00, 0x00, 0x00, 0x00, 0x00, 0x00, 0x00}},  // |
    {0x007D, 8, {0x00, 0x00, 0x00, 0x00, 0x00, 0x00, 0x70, 0x00, 0x18, 0x00, 0x18, 0x00, 0x18, 0x00, 0x18, 0x00, 0x0C, 0x00, 0x18, 0x00, 0x18, 0x00, 0x18, 0x00, 0x18, 0x00, 0x70, 0x00, 0x00, 0x00, 0x00, 0x00, 0x00, 0x00, 0x00, 0x00, 0x00, 0x00, 0x00, 0x00}},  // }
    {0x007E, 7, {0x00, 0x00, 0x00, 0x00, 0x00, 0x00, 0x00, 0x00, 0x00, 0x00, 0x00, 0x00, 0x00, 0x00, 0x60, 0x00, 0xD4, 0x00, 0x18, 0x00, 0x00, 0x00, 0x00, 0x00, 0x00, 0x00, 0x00, 0x00, 0x00, 0x00, 0x00, 0x00, 0x00, 0x00, 0x00, 0x00, 0x00, 0x00, 0x00, 0x00}},  // ~
    {0x2103, 13, {0x00, 0x00, 0x00, 0x00, 0x00, 0x00, 0x70, 0x00, 0xD9, 0xE0, 0xDB, 0x30, 0x76, 0x00, 0x06, 0x00, 0x06, 0x00, 0x06, 0x00, 0x06, 0x00, 0x03, 0x30, 0x01, 0xE0, 0x00, 0x00, 0x00, 0x00, 0x00, 0x00, 0x00, 0x00, 0x00, 0x00, 0x00, 0x00, 0x00, 0x00}},  // ℃
    {0x2191, 13, {0x00, 0x00, 0x00, 0x00, 0x00, 0x00, 0x06, 0x00, 0x0F, 0x00, 0x1A, 0x80, 0x06, 0x00, 0x06, 0x00, 0x06, 0x00, 0x06, 0x00, 0x06, 0x00, 0x06, 0x00, 0x06, 0x00, 0x06, 0x00, 0x00, 0x00, 0x00, 0x00, 0x00, 0x00, 0x00, 0x00, 0x00, 0x00, 0x00, 0x00}},  // ↑
    {0x2193, 13, {0x00, 0x00, 0x00, 0x00, 0x00, 0x00, 0x06, 0x00, 0x06, 0x00, 0x06, 0x00, 0x06, 0x00, 0x06, 0x00, 0x06, 0x00, 0x06, 0x00, 0x06, 0x00, 0x1A, 0x80, 0x0F, 0x00, 0x06, 0x00, 0x00, 0x00, 0x00, 0x00, 0x00, 0x00, 0x00, 0x00, 0x00, 0x00, 0x00, 0x00}},  // ↓
    {0x4E0A, 13, {0x00, 0x00, 0x00, 0x00, 0x00, 0x00, 0x06, 0x00, 0x06, 0x00, 0x06, 0x00, 0x06, 0x00, 0x07, 0xE0, 0x06, 0x00, 0x06, 0x00, 0x06, 0x00, 0x06, 0x00, 0x06, 0x00, 0xFF, 0xF0, 0x00, 0x00, 0x00, 0x00, 0x00, 0x00, 0x00, 0x00, 0x00, 0x00, 0x00, 0x00}},  // 上
    {0x4E0B, 13, {0x00, 0x00, 0x00, 0x00, 0x00, 0x00, 0xFF, 0xF0, 0x06, 0x00, 0x06, 0x00, 0x06, 0x00, 0x06, 0x80, 0x06, 0xC0, 0x06, 0x60, 0x06, 0x00, 0x06, 0x00, 0x06, 0x00, 0x06, 0x00, 0x00, 0x00, 0x00, 0x00, 0x00, 0x00, 0x00, 0x00, 0x00, 0x00, 0x00, 0x00}},  // 下
    {0x4E0D, 13, {0x00, 0x00, 0x00, 0x00, 0x00, 0x00, 0xFF, 0xF0, 0x03, 0x00, 0x06, 0x00, 0x0E, 0x00, 0x1A, 0x80, 0x36, 0xC0, 0xE6, 0x60, 0x06, 0x30, 0x06, 0x00, 0x06, 0x00, 0x06, 0x00, 0x00, 0x00, 0x00, 0x00, 0x00, 0x00, 0x00, 0x00, 0x00, 0x00, 0x00, 0x00}},  // 不
    {0x4E2D, 13, {0x00, 0x00, 0x00, 0x00, 0x00, 0x00, 0x06, 0x00, 0x06, 0x00, 0xFF, 0xF0, 0xC6, 0x30, 0xC6, 0x30, 0xC6, 0x30, 0xFF, 0xF0, 0x06, 0x00, 0x06, 0x00, 0x06, 0x00, 0x06, 0x00, 0x00, 0x00, 0x00, 0x00, 0x00, 0x00, 0x00, 0x00, 0x00, 0x00, 0x00, 0x00}},  // 中
    {0x4EE4, 13, {0x00, 0x00, 0x00, 0x00, 0x00, 0x00, 0x06, 0x00, 0x0D, 0x00, 0x39, 0xC0, 0xE0, 0x70, 0x06, 0x00, 0x03, 0x00, 0x7F, 0xE0, 0x00, 0xC0, 0x1D, 0x80, 0x07, 0x00, 0x01, 0xC0, 0x00, 0x00, 0x00, 0x00, 0x00, 0x00, 0x00, 0x00, 0x00, 0x00, 0x00, 0x00}},  // 令
    {0x4EF6, 13, {0x00, 0x00, 0x00, 0x00, 0x00, 0x00, 0x35, 0x80, 0x35, 0x80, 0x6F, 0xF0, 0x69, 0x80, 0xE1, 0x80, 0x61, 0x80, 0x6F, 0xF0, 0x61, 0x80, 0x61, 0x80, 0x61, 0x80, 0x61, 0x80, 0x00, 0x00, 0x00, 0x00, 0x00, 0x00, 0x00, 0x00, 0x00, 0x00, 0x00, 0x00}},  // 件
    {0x4FDD, 13, {0x00, 0x00, 0x00, 0x00, 0x00, 0x00, 0x37, 0xE0, 0x34, 0x60, 0x6C, 0x60, 0x6F, 0xE0, 0xE1, 0x80, 0x61, 0x80, 0x6F, 0xF0, 0x63, 0xC0, 0x66, 0xA0, 0x6D, 0xB0, 0x61, 0x80, 0x00, 0x00, 0x00, 0x00, 0x00, 0x00, 0x00, 0x00, 0x00, 0x00, 0x00, 0x00}},  // 保
    {0x4FE1, 13, {0x00, 0x00, 0x00, 0x00, 0x00, 0x00, 0x33, 0x00, 0x31, 0x80, 0x6F, 0xF0, 0x60, 0x00, 0xEF, 0xE0, 0x60, 0x00, 0x6F, 0xE0, 0x60, 0x00, 0x6F, 0xE0, 0x6C, 0x60, 0x6F, 0xE0, 0x00, 0x00, 0x00, 0x00, 0x00, 0x00, 0x00, 0x00, 0x00, 0x00, 0x00, 0x00}},  // 信
    {0x50A8, 13, {0x00, 0x00, 0x00, 0x00, 0x00, 0x00, 0x30, 0xC0, 0x3B, 0xF0, 0x6C, 0xD0, 0x60, 0xE0, 0xE3, 0xF0, 0x6C, 0xC0, 0x6D, 0xF0, 0x6D, 0xB0, 0x6D, 0xF0, 0x6E, 0xB0, 0x6D, 0xF0, 0x00, 0x00, 0x00, 0x00, 0x00, 0x00, 0x00, 0x00, 0x00, 0x00, 0x00, 0x00}},  // 储
    {0x5145, 13, {0x00, 0x00, 0x00, 0x00, 0x00, 0x00, 0x06, 0x00, 0xFF, 0xF0, 0x0C, 0x00, 0x19, 0x80, 0x30, 0xC0, 0x7F, 0xE0, 0x19, 0xA0, 0x19, 0x80, 0x19, 0x80, 0x31, 0xB0, 0xE1, 0xF0, 0x00, 0x00, 0x00, 0x00, 0x00, 0x00, 0x00, 0x00, 0x00, 0x00, 0x00, 0x00}},  // 充
    {0x514B, 13, {0x00, 0x00, 0x00, 0x00, 0x00, 0x00, 0x06, 0x00, 0xFF, 0xF0, 0x06, 0x00, 0x7F, 0xE0, 0x60, 0x60, 0x60, 0x60, 0x7F, 0xE0, 0x19, 0x80, 0x19, 0xB0, 0x31, 0xB0, 0xE1, 0xF0, 0x00, 0x00, 0x00, 0x00, 0x00, 0x00, 0x00, 0x00, 0x00, 0x00, 0x00, 0x00}},  // 克
    {0x5165, 13, {0x00, 0x00, 0x00, 0x00, 0x00, 0x00, 0x18, 0x00, 0x0C, 0x00, 0x06, 0x00, 0x06, 0x00, 0x0D, 0x00, 0x0D, 0x00, 0x19, 0x80, 0x19, 0x80, 0x30, 0xC0, 0x60, 0x60, 0xC0, 0x30, 0x00, 0x00, 0x00, 0x00, 0x00, 0x00, 0x00, 0x00, 0x00, 0x00, 0x00, 0x00}},  // 入
    {0x5173, 13, {0x00, 0x00, 0x00, 0x00, 0x00, 0x00, 0x30, 0xC0, 0x19, 0x80, 0x7F, 0xE0, 0x06, 0x00, 0x06, 0x00, 0x06, 0x00, 0xFF, 0xF0, 0x0D, 0x00, 0x19, 0x80, 0x30, 0xC0, 0xE0, 0x70, 0x00, 0x00, 0x00, 0x00, 0x00, 0x00, 0x00, 0x00, 0x00, 0x00, 0x00, 0x00}},  // 关
    {0x5177, 13, {0x00, 0x00, 0x00, 0x00, 0x00, 0x00, 0x3F, 0xC0, 0x30, 0xC0, 0x3F, 0xC0, 0x30, 0xC0, 0x3F, 0xC0, 0x30, 0xC0, 0x3F, 0xC0, 0x30, 0xC0, 0xFF, 0xF0, 0x30, 0xC0, 0xE0, 0x70, 0x00, 0x00, 0x00, 0x00, 0x00, 0x00, 0x00, 0x00, 0x00, 0x00, 0x00, 0x00}},  // 具
    {0x5185, 13, {0x00, 0x00, 0x00, 0x00, 0x00, 0x00, 0x06, 0x00, 0x06, 0x00, 0xFF, 0xF0, 0xC6, 0x30, 0xC6, 0x30, 0xCD, 0x30, 0xD9, 0xB0, 0xD0, 0xD0, 0xC0, 0x30, 0xC0, 0x30, 0xC0, 0xF0, 0x00, 0x00, 0x00, 0x00, 0x00, 0x00, 0x00, 0x00, 0x00, 0x00, 0x00, 0x00}},  // 内
    {0x51FA, 13, {0x00, 0x00, 0x00, 0x00, 0x00, 0x00, 0x06, 0x00, 0x66, 0x60, 0x66, 0x60, 0x66, 0x60, 0x7F, 0xE0, 0x06, 0x00, 0x06, 0x00, 0xC6, 0x30, 0xC6, 0x30, 0xC6, 0x30, 0xFF, 0xF0, 0x00, 0x00, 0x00, 0x00, 0x00, 0x00, 0x00, 0x00, 0x00, 0x00, 0x00, 0x00}},  // 出
    {0x5236, 13, {0x00, 0x00, 0x00, 0x00, 0x00, 0x00, 0x68, 0x30, 0x7F, 0x50, 0xD8, 0xD0, 0x18, 0xD0, 0xFF, 0x50, 0x18, 0xD0, 0xFF, 0x50, 0xDB, 0x50, 0xDB, 0x30, 0xDB, 0x30, 0x18, 0xF0, 0x00, 0x00, 0x00, 0x00, 0x00, 0x00, 0x00, 0x00, 0x00, 0x00, 0x00, 0x00}},  // 制
    {0x524D, 13, {0x00, 0x00, 0x00, 0x00, 0x00, 0x00, 0x30, 0xC0, 0x19, 0x80, 0xFF, 0xF0, 0x00, 0x00, 0x7E, 0xA0, 0x66, 0xA0, 0x7E, 0xA0, 0x66, 0xA0, 0x7E, 0xA0, 0x66, 0x60, 0x6E, 0xE0, 0x00, 0x00, 0x00, 0x00, 0x00, 0x00, 0x00, 0x00, 0x00, 0x00, 0x00, 0x00}},  // 前
    {0x526A, 13, {0x00, 0x00, 0x00, 0x00, 0x00, 0x00, 0x19, 0x80, 0xFF, 0xF0, 0x00, 0x00, 0x7E, 0xA0, 0x66, 0xA0, 0x7E, 0xA0, 0x66, 0xE0, 0x00, 0x00, 0xFF, 0xE0, 0x18, 0x60, 0xF1, 0xC0, 0x00, 0x00, 0x00, 0x00, 0x00, 0x00, 0x00, 0x00, 0x00, 0x00, 0x00, 0x00}},  // 剪
    {0x529F, 13, {0x00, 0x00, 0x00, 0x00, 0x00, 0x00, 0x03, 0x00, 0xFB, 0x00, 0x37, 0xF0, 0x33, 0x30, 0x33, 0x30, 0x33, 0x30, 0x33, 0x30, 0x3B, 0x30, 0xE6, 0x30, 0x06, 0x30, 0x0C, 0xE0, 0x00, 0x00, 0x00, 0x00, 0x00, 0x00, 0x00, 0x00, 0x00, 0x00, 0x00, 0x00}},  // 功
    {0x538B, 13, {0x00, 0x00, 0x00, 0x00, 0x00, 0x00, 0x7F, 0xF0, 0x60, 0x00, 0x63, 0x00, 0x63, 0x00, 0x63, 0x00, 0x6F, 0xE0, 0x63, 0x00, 0x63, 0x40, 0x63, 0x60, 0x63, 0x00, 0xDF, 0xF0, 0x00, 0x00, 0x00, 0x00, 0x00, 0x00, 0x00, 0x00, 0x00, 0x00, 0x00, 0x00}},  // 压
    {0x53D1, 13, {0x00, 0x00, 0x00, 0x00, 0x00, 0x00, 0x6D, 0x80, 0x6C, 0xC0, 0xCC, 0x00, 0xFF, 0xF0, 0x18, 0x00, 0x1F, 0xC0, 0x34, 0xC0, 0x36, 0x80, 0x63, 0x00, 0x6E, 0xC0, 0xD8, 0x70, 0x00, 0x00, 0x00, 0x00, 0x00, 0x00, 0x00, 0x00, 0x00, 0x00, 0x00, 0x00}},  // 发
    {0x53EF, 13, {0x00, 0x00, 0x00, 0x00, 0x00, 0x00, 0xFF, 0xF0, 0x00, 0x60, 0x00, 0x60, 0x3F, 0x60, 0x33, 0x60, 0x33, 0x60, 0x33, 0x60, 0x3F, 0x60, 0x00, 0x60, 0x00, 0x60, 0x01, 0xE0, 0x00, 0x00, 0x00, 0x00, 0x00, 0x00, 0x00, 0x00, 0x00, 0x00, 0x00, 0x00}},  // 可
    {0x53F0, 13, {0x00, 0x00, 0x00, 0x00, 0x00, 0x00, 0x0C, 0x00, 0x18, 0x00, 0x30, 0xC0, 0x60, 0x60, 0xFF, 0xD0, 0x00, 0x30, 0x7F, 0xE0, 0x60, 0x60, 0x60, 0x60, 0x60, 0x60, 0x7F, 0xE0, 0x00, 0x00, 0x00, 0x00, 0x00, 0x00, 0x00, 0x00, 0x00, 0x00, 0x00, 0x00}},  // 台
    {0x53F7, 13, {0x00, 0x00, 0x00, 0x00, 0x00, 0x00, 0x3F, 0xC0, 0x30, 0xC0, 0x30, 0xC0, 0x3F, 0xC0, 0x00, 0x00, 0xFF, 0xF0, 0x18, 0x00, 0x1F, 0xC0, 0x00, 0xC0, 0x00, 0xC0, 0x07, 0x80, 0x00, 0x00, 0x00, 0x00, 0x00, 0x00, 0x00, 0x00, 0x00, 0x00, 0x00, 0x00}},  // 号
    {0x540C, 13, {0x00, 0x00, 0x00, 0x00, 0x00, 0x00, 0xFF, 0xF0, 0xC0, 0x30, 0xDF, 0xD0, 0xC0, 0x30, 0xDF, 0xB0, 0xD9, 0xB0, 0xD9, 0xB0, 0xD9, 0xB0, 0xDF, 0xB0, 0xC0, 0x30, 0xC0, 0xF0, 0x00, 0x00, 0x00, 0x00, 0x00, 0x00, 0x00, 0x00, 0x00, 0x00, 0x00, 0x00}},  // 同
    {0x5426, 13, {0x00, 0x00, 0x00, 0x00, 0x00, 0x00, 0xFF, 0xF0, 0x03, 0x00, 0x0E, 0x00, 0x3A, 0xC0, 0xE6, 0x70, 0x06, 0x00, 0x00, 0x00, 0x7F, 0xE0, 0x60, 0x60, 0x60, 0x60, 0x7F, 0xE0, 0x00, 0x00, 0x00, 0x00, 0x00, 0x00, 0x00, 0x00, 0x00, 0x00, 0x00, 0x00}},  // 否
    {0x544A, 13, {0x00, 0x00, 0x00, 0x00, 0x00, 0x00, 0x66, 0x00, 0x7F, 0xE0, 0xC6, 0x00, 0x06, 0x00, 0xFF, 0xF0, 0x00, 0x00, 0x7F, 0xE0, 0x60, 0x60, 0x60, 0x60, 0x60, 0x60, 0x7F, 0xE0, 0x00, 0x00, 0x00, 0x00, 0x00, 0x00, 0x00, 0x00, 0x00, 0x00, 0x00, 0x00}},  // 告
    {0x547D, 13, {0x00, 0x00, 0x00, 0x00, 0x00, 0x00, 0x06, 0x00, 0x0D, 0x00, 0x39, 0xC0, 0xEF, 0xB0, 0x00, 0x00, 0x7D, 0xE0, 0x6D, 0x60, 0x6D, 0x60, 0x6D, 0x60, 0x7D, 0x60, 0x03, 0x00, 0x00, 0x00, 0x00, 0x00, 0x00, 0x00, 0x00, 0x00, 0x00, 0x00, 0x00, 0x00}},  // 命
    {0x54C1, 13, {0x00, 0x00, 0x00, 0x00, 0x00, 0x00, 0x3F, 0xC0, 0x30, 0xC0, 0x30, 0xC0, 0x30, 0xC0, 0x3F, 0xC0, 0x00, 0x00, 0xFD, 0xF0, 0xCD, 0x30, 0xCD, 0x30, 0xCD, 0x30, 0xFD, 0xF0, 0x00, 0x00, 0x00, 0x00, 0x00, 0x00, 0x00, 0x00, 0x00, 0x00, 0x00, 0x00}},  // 品
    {0x5668, 13, {0x00, 0x00, 0x00, 0x00, 0x00, 0x00, 0x7D, 0xE0, 0x6D, 0x60, 0x6D, 0x60, 0x7D, 0xE0, 0x06, 0x80, 0xFF, 0xF0, 0x30, 0xC0, 0xFD, 0xF0, 0x6D, 0x60, 0x6D, 0x60, 0x7D, 0xE0, 0x00, 0x00, 0x00, 0x00, 0x00, 0x00, 0x00, 0x00, 0x00, 0x00, 0x00, 0x00}},  // 器
    {0x56DE, 13, {0x00, 0x00, 0x00, 0x00, 0x00, 0x00, 0xFF, 0xF0, 0xC0, 0x30, 0xC0, 0x30, 0xDF, 0xB0, 0xD9, 0xB0, 0xD9, 0xB0, 0xD9, 0xB0, 0xDF, 0xB0, 0xC0, 0x30, 0xC0, 0x30, 0xFF, 0xF0, 0x00, 0x00, 0x00, 0x00, 0x00, 0x00, 0x00, 0x00, 0x00, 0x00, 0x00, 0x00}},  // 回
    {0x56FA, 13, {0x00, 0x00, 0x00, 0x00, 0x00, 0x00, 0xFF, 0xF0, 0xC6, 0x30, 0xC6, 0x30, 0xDF, 0xD0, 0xC6, 0x30, 0xDF, 0xB0, 0xD9, 0xB0, 0xD9, 0xB0, 0xDF, 0xB0, 0xC0, 0x30, 0xFF, 0xF0, 0x00, 0x00, 0x00, 0x00, 0x00, 0x00, 0x00, 0x00, 0x00, 0x00, 0x00, 0x00}},  // 固
    {0x56FE, 13, {0x00, 0x00, 0x00, 0x00, 0x00, 0x00, 0xFF, 0xF0, 0xCC, 0x30, 0xCF, 0xB0, 0xD9, 0xB0, 0xCF, 0x30, 0xF9, 0xF0, 0xCE, 0x30, 0xC3, 0xB0, 0xDC, 0x30, 0xC7, 0x30, 0xFF, 0xF0, 0x00, 0x00, 0x00, 0x00, 0x00, 0x00, 0x00, 0x00, 0x00, 0x00, 0x00, 0x00}},  // 图
    {0x5728, 13, {0x00, 0x00, 0x00, 0x00, 0x00, 0x00, 0x0C, 0x00, 0x0C, 0x00, 0xFF, 0xF0, 0x18, 0x00, 0x19, 0x80, 0x31, 0x80, 0x77, 0xF0, 0xD1, 0x80, 0x31, 0x80, 0x31, 0x80, 0x37, 0xF0, 0x00, 0x00, 0x00, 0x00, 0x00, 0x00, 0x00, 0x00, 0x00, 0x00, 0x00, 0x00}},  // 在
    {0x5730, 13, {0x00, 0x00, 0x00, 0x00, 0x00, 0x00, 0x61, 0x80, 0x6D, 0x80, 0x6D, 0xB0, 0xF5, 0xD0, 0x6E, 0xB0, 0x6D, 0xB0, 0x6D, 0xB0, 0x75, 0x80, 0xEC, 0x30, 0x0C, 0x30, 0x07, 0xF0, 0x00, 0x00, 0x00, 0x00, 0x00, 0x00, 0x00, 0x00, 0x00, 0x00, 0x00, 0x00}},  // 地
    {0x5740, 13, {0x00, 0x00, 0x00, 0x00, 0x00, 0x00, 0x61, 0x80, 0x61, 0x80, 0x61, 0x80, 0xF5, 0x80, 0x6D, 0xF0, 0x6D, 0x80, 0x6D, 0x80, 0x75, 0x80, 0xED, 0x80, 0x0D, 0x80, 0x1F, 0xF0, 0x00, 0x00, 0x00, 0x00, 0x00, 0x00, 0x00, 0x00, 0x00, 0x00, 0x00, 0x00}},  // 址
    {0x5747, 13, {0x00, 0x00, 0x00, 0x00, 0x00, 0x00, 0x66, 0x00, 0x67, 0xF0, 0x6C, 0x30, 0xF8, 0x30, 0x67, 0x30, 0x61, 0xB0, 0x60, 0x30, 0x70, 0xD0, 0xE3, 0xB0, 0x0E, 0x30, 0x00, 0xE0, 0x00, 0x00, 0x00, 0x00, 0x00, 0x00, 0x00, 0x00, 0x00, 0x00, 0x00, 0x00}},  // 均
    {0x58F0, 13, {0x00, 0x00, 0x00, 0x00, 0x00, 0x00, 0x06, 0x00, 0xFF, 0xF0, 0x06, 0x00, 0x7F, 0xE0, 0x00, 0x00, 0x7F, 0xE0, 0x66, 0x60, 0x7F, 0xE0, 0x60, 0x00, 0x60, 0x00, 0xC0, 0x00, 0x00, 0x00, 0x00, 0x00, 0x00, 0x00, 0x00, 0x00, 0x00, 0x00, 0x00, 0x00}},  // 声
    {0x5907, 13, {0x00, 0x00, 0x00, 0x00, 0x00, 0x00, 0x18, 0x00, 0x3F, 0xC0, 0xE9, 0x80, 0x0F, 0x00, 0x39, 0xC0, 0xE0, 0x70, 0x7F, 0xE0, 0x66, 0x60, 0x7F, 0xE0, 0x66, 0x60, 0x7F, 0xE0, 0x00, 0x00, 0x00, 0x00, 0x00, 0x00, 0x00, 0x00, 0x00, 0x00, 0x00, 0x00}},  // 备
    {0x590D, 13, {0x00, 0x00, 0x00, 0x00, 0x00, 0x00, 0x60, 0x00, 0x7F, 0xF0, 0xD0, 0x60, 0x3F, 0xE0, 0x30, 0x60, 0x3F, 0xE0, 0x0C, 0x00, 0x1F, 0xE0, 0x78, 0xC0, 0x0F, 0x80, 0xF8, 0xF0, 0x00, 0x00, 0x00, 0x00, 0x00, 0x00, 0x00, 0x00, 0x00, 0x00, 0x00, 0x00}},  // 复
    {0x5931, 13, {0x00, 0x00, 0x00, 0x00, 0x00, 0x00, 0x36, 0x00, 0x36, 0x00, 0x3F, 0xE0, 0x66, 0x00, 0xC6, 0x00, 0x06, 0x00, 0xFF, 0xF0, 0x0D, 0x00, 0x19, 0x80, 0x30, 0xC0, 0xE0, 0x70, 0x00, 0x00, 0x00, 0x00, 0x00, 0x00, 0x00, 0x00, 0x00, 0x00, 0x00, 0x00}},  // 失
    {0x5B58, 13, {0x00, 0x00, 0x00, 0x00, 0x00, 0x00, 0x0C, 0x00, 0xFF, 0xF0, 0x18, 0x00, 0x37, 0xE0, 0x30, 0xC0, 0x71, 0x80, 0xD1, 0x80, 0x37, 0xF0, 0x31, 0x80, 0x31, 0x80, 0x33, 0x80, 0x00, 0x00, 0x00, 0x00, 0x00, 0x00, 0x00, 0x00, 0x00, 0x00, 0x00, 0x00}},  // 存
    {0x5B9A, 13, {0x00, 0x00, 0x00, 0x00, 0x00, 0x00, 0x06, 0x00, 0xFF, 0xF0, 0xC0, 0x30, 0x00, 0x00, 0x7F, 0xE0, 0x06, 0x00, 0x36, 0x00, 0x37, 0xE0, 0x36, 0x00, 0x6E, 0x00, 0xC3, 0xF0, 0x00, 0x00, 0x00, 0x00, 0x00, 0x00, 0x00, 0x00, 0x00, 0x00, 0x00, 0x00}},  // 定
    {0x5B9E, 13, {0x00, 0x00, 0x00, 0x00, 0x00, 0x00, 0x06, 0x00, 0xFF, 0xF0, 0xC0, 0x30, 0xD3, 0x30, 0x1B, 0x00, 0x63, 0x00, 0x33, 0x00, 0xFF, 0xF0, 0x06, 0x80, 0x1C, 0xC0, 0xF0, 0x70, 0x00, 0x00, 0x00, 0x00, 0x00, 0x00, 0x00, 0x00, 0x00, 0x00, 0x00, 0x00}},  // 实
    {0x5C4F, 13, {0x00, 0x00, 0x00, 0x00, 0x00, 0x00, 0x7F, 0xF0, 0x60, 0x30, 0x7F, 0xF0, 0x6C, 0x60, 0x66, 0xC0, 0x6F, 0xF0, 0x66, 0xC0, 0x66, 0xC0, 0x6F, 0xF0, 0x66, 0xC0, 0xDC, 0xC0, 0x00, 0x00, 0x00, 0x00, 0x00, 0x00, 0x00, 0x00, 0x00, 0x00, 0x00, 0x00}},  // 屏
    {0x5DE5, 13, {0x00, 0x00, 0x00, 0x00, 0x00, 0x00, 0x7F, 0xE0, 0x06, 0x00, 0x06, 0x00, 0x06, 0x00, 0x06, 0x00, 0x06, 0x00, 0x06, 0x00, 0x06, 0x00, 0x06, 0x00, 0x06, 0x00, 0xFF, 0xF0, 0x00, 0x00, 0x00, 0x00, 0x00, 0x00, 0x00, 0x00, 0x00, 0x00, 0x00, 0x00}},  // 工
    {0x5DF2, 13, {0x00, 0x00, 0x00, 0x00, 0x00, 0x00, 0x7F, 0xE0, 0x00, 0x60, 0x00, 0x60, 0x60, 0x60, 0x60, 0x60, 0x7F, 0xE0, 0x60, 0x00, 0x60, 0x00, 0x60, 0x30, 0x60, 0x30, 0x3F, 0xF0, 0x00, 0x00, 0x00, 0x00, 0x00, 0x00, 0x00, 0x00, 0x00, 0x00, 0x00, 0x00}},  // 已
    {0x5E38, 13, {0x00, 0x00, 0x00, 0x00, 0x00, 0x00, 0x36, 0xC0, 0xFF, 0xF0, 0xC0, 0x30, 0xDF, 0xD0, 0x30, 0xC0, 0x3F, 0xC0, 0x06, 0x00, 0x7F, 0xE0, 0x66, 0x60, 0x66, 0xE0, 0x06, 0x00, 0x00, 0x00, 0x00, 0x00, 0x00, 0x00, 0x00, 0x00, 0x00, 0x00, 0x00, 0x00}},  // 常
    {0x5E55, 13, {0x00, 0x00, 0x00, 0x00, 0x00, 0x00, 0x19, 0x80, 0xFF, 0xF0, 0x19, 0x80, 0x7F, 0xE0, 0x60, 0x60, 0xFF, 0xF0, 0x36, 0xC0, 0x7F, 0xE0, 0xD6, 0xD0, 0x36, 0xC0, 0x06, 0x00, 0x00, 0x00, 0x00, 0x00, 0x00, 0x00, 0x00, 0x00, 0x00, 0x00, 0x00, 0x00}},  // 幕
    {0x5EA6, 13, {0x00, 0x00, 0x00, 0x00, 0x00, 0x00, 0x03, 0x00, 0x7F, 0xF0, 0x6C, 0xC0, 0x7F, 0xF0, 0x6C, 0xC0, 0x6F, 0xC0, 0x60, 0x00, 0x6F, 0xE0, 0x6C, 0xC0, 0x67, 0x80, 0xDC, 0xF0, 0x00, 0x00, 0x00, 0x00, 0x00, 0x00, 0x00, 0x00, 0x00, 0x00, 0x00, 0x00}},  // 度
    {0x5F00, 13, {0x00, 0x00, 0x00, 0x00, 0x00, 0x00, 0xFF, 0xF0, 0x30, 0xC0, 0x30, 0xC0, 0x30, 0xC0, 0x30, 0xC0, 0xFF, 0xF0, 0x30, 0xC0, 0x30, 0xC0, 0x60, 0xC0, 0x60, 0xC0, 0xC0, 0xC0, 0x00, 0x00, 0x00, 0x00, 0x00, 0x00, 0x00, 0x00, 0x00, 0x00, 0x00, 0x00}},  // 开
    {0x5F3A, 13, {0x00, 0x00, 0x00, 0x00, 0x00, 0x00, 0xF7, 0xE0, 0x36, 0x60, 0x37, 0xE0, 0xF1, 0x80, 0xCF, 0xF0, 0xCD, 0xB0, 0xF5, 0xB0, 0x37, 0xF0, 0x31, 0x80, 0x31, 0xA0, 0xEF, 0xD0, 0x00, 0x00, 0x00, 0x00, 0x00, 0x00, 0x00, 0x00, 0x00, 0x00, 0x00, 0x00}},  // 强
    {0x5F53, 13, {0x00, 0x00, 0x00, 0x00, 0x00, 0x00, 0x06, 0x00, 0x66, 0x60, 0x36, 0xC0, 0x06, 0x00, 0x7F, 0xE0, 0x00, 0x60, 0x00, 0x60, 0x7F, 0xE0, 0x00, 0x60, 0x00, 0x60, 0x7F, 0xE0, 0x00, 0x00, 0x00, 0x00, 0x00, 0x00, 0x00, 0x00, 0x00, 0x00, 0x00, 0x00}},  // 当
    {0x5F55, 13, {0x00, 0x00, 0x00, 0x00, 0x00, 0x00, 0x7F, 0xE0, 0x00, 0x60, 0x7F, 0xE0, 0x00, 0x60, 0xFF, 0xF0, 0x06, 0x00, 0x66, 0x60, 0x37, 0x40, 0x0E, 0x80, 0x3A, 0xC0, 0xEE, 0x70, 0x00, 0x00, 0x00, 0x00, 0x00, 0x00, 0x00, 0x00, 0x00, 0x00, 0x00, 0x00}},  // 录
    {0x5F85, 13, {0x00, 0x00, 0x00, 0x00, 0x00, 0x00, 0x31, 0x80, 0x67, 0xE0, 0xC1, 0x80, 0x31, 0x80, 0x6F, 0xF0, 0xE0, 0x60, 0x6F, 0xF0, 0x66, 0x60, 0x63, 0x60, 0x60, 0x60, 0x61, 0xE0, 0x00, 0x00, 0x00, 0x00, 0x00, 0x00, 0x00, 0x00, 0x00, 0x00, 0x00, 0x00}},  // 待
    {0x6001, 13, {0x00, 0x00, 0x00, 0x00, 0x00, 0x00, 0x06, 0x00, 0xFF, 0xF0, 0x0D, 0x00, 0x19, 0x80, 0x34, 0xC0, 0xE6, 0x70, 0x00, 0x00, 0x6A, 0x60, 0x6B, 0x30, 0xD8, 0xD0, 0x0F, 0xC0, 0x00, 0x00, 0x00, 0x00, 0x00, 0x00, 0x00, 0x00, 0x00, 0x00, 0x00, 0x00}},  // 态
    {0x606F, 13, {0x00, 0x00, 0x00, 0x00, 0x00, 0x00, 0x0C, 0x00, 0x3F, 0xC0, 0x30, 0xC0, 0x3F, 0xC0, 0x30, 0xC0, 0x3F, 0xC0, 0x30, 0xC0, 0x3F, 0xC0, 0x6A, 0x60, 0x6B, 0x50, 0xCF, 0xD0, 0x00, 0x00, 0x00, 0x00, 0x00, 0x00, 0x00, 0x00, 0x00, 0x00, 0x00, 0x00}},  // 息
    {0x6210, 13, {0x00, 0x00, 0x00, 0x00, 0x00, 0x00, 0x03, 0x40, 0x03, 0x60, 0x7F, 0xF0, 0x63, 0x00, 0x7D, 0x60, 0x6D, 0x60, 0x6D, 0x40, 0x6D, 0x80, 0x6D, 0xB0, 0x63, 0x50, 0xCE, 0x70, 0x00, 0x00, 0x00, 0x00, 0x00, 0x00, 0x00, 0x00, 0x00, 0x00, 0x00, 0x00}},  // 成
    {0x622A, 13, {0x00, 0x00, 0x00, 0x00, 0x00, 0x00, 0x19, 0xA0, 0x7E, 0xB0, 0x19, 0x80, 0xFF, 0xF0, 0x31, 0x80, 0x6D, 0xB0, 0xFE, 0xA0, 0x6C, 0xC0, 0x7E, 0xD0, 0x6D, 0xB0, 0x7F, 0x30, 0x00, 0x00, 0x00, 0x00, 0x00, 0x00, 0x00, 0x00, 0x00, 0x00, 0x00, 0x00}},  // 截
    {0x626C, 13, {0x00, 0x00, 0x00, 0x00, 0x00, 0x00, 0x6F, 0xE0, 0x60, 0xC0, 0xF1, 0x80, 0x63, 0x00, 0x6F, 0xF0, 0x73, 0x50, 0xE6, 0xD0, 0x6D, 0xB0, 0x61, 0xB0, 0x63, 0x30, 0xE6, 0xE0, 0x00, 0x00, 0x00, 0x00, 0x00, 0x00, 0x00, 0x00, 0x00, 0x00, 0x00, 0x00}},  // 扬
    {0x6309, 13, {0x00, 0x00, 0x00, 0x00, 0x00, 0x00, 0x61, 0x80, 0x6F, 0xF0, 0xF4, 0x30, 0x61, 0x80, 0x61, 0x80, 0x77, 0xF0, 0xE3, 0x60, 0x66, 0x60, 0x63, 0x40, 0x61, 0xC0, 0xEF, 0x70, 0x00, 0x00, 0x00, 0x00, 0x00, 0x00, 0x00, 0x00, 0x00, 0x00, 0x00, 0x00}},  // 按
    {0x636E, 13, {0x00, 0x00, 0x00, 0x00, 0x00, 0x00, 0x6F, 0xF0, 0x6C, 0x30, 0xF4, 0x30, 0x6F, 0xF0, 0x6C, 0xC0, 0x77, 0xF0, 0xEC, 0xC0, 0x6D, 0xF0, 0x6D, 0x30, 0x6D, 0x30, 0xEB, 0xF0, 0x00, 0x00, 0x00, 0x00, 0x00, 0x00, 0x00, 0x00, 0x00, 0x00, 0x00, 0x00}},  // 据
    {0x63A5, 13, {0x00, 0x00, 0x00, 0x00, 0x00, 0x00, 0x61, 0x80, 0x6F, 0xF0, 0xF6, 0x60, 0x63, 0x40, 0x6F, 0xF0, 0x71, 0x80, 0xEF, 0xF0, 0x63, 0x60, 0x66, 0xC0, 0x63, 0xC0, 0xEE, 0x70, 0x00, 0x00, 0x00, 0x00, 0x00, 0x00, 0x00, 0x00, 0x00, 0x00, 0x00, 0x00}},  // 接
    {0x63A7, 13, {0x00, 0x00, 0x00, 0x00, 0x00, 0x00, 0x61, 0x80, 0x6F, 0xF0, 0xF4, 0x30, 0x63, 0x40, 0x66, 0x60, 0x74, 0x30, 0xE7, 0xE0, 0x61, 0x80, 0x61, 0x80, 0x61, 0x80, 0xEF, 0xF0, 0x00, 0x00, 0x00, 0x00, 0x00, 0x00, 0x00, 0x00, 0x00, 0x00, 0x00, 0x00}},  // 控
    {0x64AD, 13, {0x00, 0x00, 0x00, 0x00, 0x00, 0x00, 0x60, 0xF0, 0x6F, 0x80, 0xF6, 0xA0, 0x6F, 0xF0, 0x66, 0xA0, 0x75, 0xB0, 0xEF, 0xF0, 0x6D, 0xB0, 0x6F, 0xF0, 0x6D, 0xB0, 0xEF, 0xF0, 0x00, 0x00, 0x00, 0x00, 0x00, 0x00, 0x00, 0x00, 0x00, 0x00, 0x00, 0x00}},  // 播
    {0x653E, 13, {0x00, 0x00, 0x00, 0x00, 0x00, 0x00, 0x63, 0x00, 0x33, 0x00, 0xFD, 0xF0, 0x66, 0x60, 0x63, 0x60, 0x7D, 0x60, 0x6D, 0x40, 0x6D, 0x40, 0x6D, 0x80, 0x6D, 0x40, 0xDE, 0x70, 0x00, 0x00, 0x00, 0x00, 0x00, 0x00, 0x00, 0x00, 0x00, 0x00, 0x00, 0x00}},  // 放
    {0x6570, 13, {0x00, 0x00, 0x00, 0x00, 0x00, 0x00, 0xDA, 0x80, 0x6D, 0x80, 0xFE, 0xF0, 0x3B, 0x60, 0x6D, 0xA0, 0xDA, 0xA0, 0x31, 0xA0, 0xFE, 0xA0, 0x36, 0xC0, 0x3D, 0xA0, 0xE7, 0x30, 0x00, 0x00, 0x00, 0x00, 0x00, 0x00, 0x00, 0x00, 0x00, 0x00, 0x00, 0x00}},  // 数
    {0x6587, 13, {0x00, 0x00, 0x00, 0x00, 0x00, 0x00, 0x0C, 0x00, 0x06, 0x00, 0xFF, 0xF0, 0x30, 0xC0, 0x30, 0xC0, 0x19, 0x80, 0x19, 0x80, 0x0D, 0x00, 0x06, 0x00, 0x1D, 0x80, 0xF0, 0xF0, 0x00, 0x00, 0x00, 0x00, 0x00, 0x00, 0x00, 0x00, 0x00, 0x00, 0x00, 0x00}},  // 文
    {0x65E0, 13, {0x00, 0x00, 0x00, 0x00, 0x00, 0x00, 0x7F, 0xE0, 0x06, 0x00, 0x06, 0x00, 0x06, 0x00, 0xFF, 0xF0, 0x0D, 0x00, 0x0D, 0x00, 0x1B, 0x00, 0x1B, 0x30, 0x33, 0x30, 0xE3, 0xF0, 0x00, 0x00, 0x00, 0x00, 0x00, 0x00, 0x00, 0x00, 0x00, 0x00, 0x00, 0x00}},  // 无
    {0x65F6, 13, {0x00, 0x00, 0x00, 0x00, 0x00, 0x00, 0x00, 0x60, 0xF8, 0x60, 0xDB, 0xF0, 0xD8, 0x60, 0xD8, 0x60, 0xFA, 0x60, 0xDB, 0x60, 0xDB, 0x60, 0xD8, 0x60, 0xF8, 0x60, 0x01, 0xE0, 0x00, 0x00, 0x00, 0x00, 0x00, 0x00, 0x00, 0x00, 0x00, 0x00, 0x00, 0x00}},  // 时
    {0x662F, 13, {0x00, 0x00, 0x00, 0x00, 0x00, 0x00, 0x7F, 0xE0, 0x60, 0x60, 0x7F, 0xE0, 0x60, 0x60, 0x7F, 0xE0, 0x00, 0x00, 0xFF, 0xF0, 0x36, 0x00, 0x37, 0xE0, 0x6E, 0x00, 0xC3, 0xF0, 0x00, 0x00, 0x00, 0x00, 0x00, 0x00, 0x00, 0x00, 0x00, 0x00, 0x00, 0x00}},  // 是
    {0x663E, 13, {0x00, 0x00, 0x00, 0x00, 0x00, 0x00, 0x7F, 0xE0, 0x60, 0x60, 0x7F, 0xE0, 0x60, 0x60, 0x7F, 0xE0, 0x19, 0x80, 0xD9, 0xB0, 0x69, 0xA0, 0x39, 0xC0, 0x19, 0x80, 0xFF, 0xF0, 0x00, 0x00, 0x00, 0x00, 0x00, 0x00, 0x00, 0x00, 0x00, 0x00, 0x00, 0x00}},  // 显
    {0x672A, 13, {0x00, 0x00, 0x00, 0x00, 0x00, 0x00, 0x06, 0x00, 0x06, 0x00, 0x7F, 0xE0, 0x06, 0x00, 0x06, 0x00, 0xFF, 0xF0, 0x1A, 0x80, 0x1A, 0x80, 0x36, 0xC0, 0xE6, 0x70, 0x06, 0x00, 0x00, 0x00, 0x00, 0x00, 0x00, 0x00, 0x00, 0x00, 0x00, 0x00, 0x00, 0x00}},  // 未
    {0x672C, 13, {0x00, 0x00, 0x00, 0x00, 0x00, 0x00, 0x06, 0x00, 0x06, 0x00, 0xFF, 0xF0, 0x1A, 0x80, 0x1A, 0x80, 0x1A, 0x80, 0x36, 0xC0, 0x36, 0xC0, 0x6F, 0xA0, 0xC6, 0x30, 0x06, 0x00, 0x00, 0x00, 0x00, 0x00, 0x00, 0x00, 0x00, 0x00, 0x00, 0x00, 0x00, 0x00}},  // 本
    {0x677F, 13, {0x00, 0x00, 0x00, 0x00, 0x00, 0x00, 0x30, 0x70, 0x37, 0xC0, 0xFA, 0x00, 0x36, 0x00, 0x37, 0xF0, 0x76, 0x30, 0x7B, 0x30, 0xD6, 0xA0, 0x36, 0xC0, 0x36, 0xA0, 0x35, 0x30, 0x00, 0x00, 0x00, 0x00, 0x00, 0x00, 0x00, 0x00, 0x00, 0x00, 0x00, 0x00}},  // 板
    {0x6B63, 13, {0x00, 0x00, 0x00, 0x00, 0x00, 0x00, 0xFF, 0xF0, 0x06, 0x00, 0x06, 0x00, 0x06, 0x00, 0x36, 0x00, 0x37, 0xE0, 0x36, 0x00, 0x36, 0x00, 0x36, 0x00, 0x36, 0x00, 0xFF, 0xF0, 0x00, 0x00, 0x00, 0x00, 0x00, 0x00, 0x00, 0x00, 0x00, 0x00, 0x00, 0x00}},  // 正
    {0x6B65, 13, {0x00, 0x00, 0x00, 0x00, 0x00, 0x00, 0x06, 0x00, 0x37, 0xE0, 0x36, 0x00, 0x36, 0x00, 0xFF, 0xF0, 0x06, 0x00, 0x36, 0x60, 0xE6, 0xC0, 0x01, 0x80, 0x07, 0x00, 0x7C, 0x00, 0x00, 0x00, 0x00, 0x00, 0x00, 0x00, 0x00, 0x00, 0x00, 0x00, 0x00, 0x00}},  // 步
    {0x6C60, 13, {0x00, 0x00, 0x00, 0x00, 0x00, 0x00, 0x61, 0x80, 0x35, 0x80, 0x0D, 0xB0, 0xCD, 0xD0, 0x6E, 0xB0, 0x0D, 0xB0, 0x0D, 0xB0, 0x6D, 0x80, 0x6C, 0x30, 0xCC, 0x30, 0xC7, 0xF0, 0x00, 0x00, 0x00, 0x00, 0x00, 0x00, 0x00, 0x00, 0x00, 0x00, 0x00, 0x00}},  // 池
    {0x6D41, 13, {0x00, 0x00, 0x00, 0x00, 0x00, 0x00, 0xC3, 0x00, 0x6F, 0xF0, 0x06, 0x00, 0xCC, 0x60, 0x6F, 0xD0, 0x00, 0x00, 0x0D, 0x40, 0x6D, 0x40, 0x6D, 0x40, 0xCD, 0x50, 0xDB, 0x70, 0x00, 0x00, 0x00, 0x00, 0x00, 0x00, 0x00, 0x00, 0x00, 0x00, 0x00, 0x00}},  // 流
    {0x6D4B, 13, {0x00, 0x00, 0x00, 0x00, 0x00, 0x00, 0xDF, 0x30, 0x73, 0x50, 0x35, 0x50, 0xD5, 0x50, 0x75, 0x50, 0x35, 0x50, 0x35, 0x50, 0x75, 0x50, 0x6C, 0x30, 0xDA, 0x30, 0xD3, 0x70, 0x00, 0x00, 0x00, 0x00, 0x00, 0x00, 0x00, 0x00, 0x00, 0x00, 0x00, 0x00}},  // 测
    {0x6E29, 13, {0x00, 0x00, 0x00, 0x00, 0x00, 0x00, 0x67, 0xE0, 0x36, 0x60, 0x07, 0xE0, 0xC6, 0x60, 0x67, 0xE0, 0x00, 0x00, 0x0F, 0xF0, 0x6D, 0x50, 0x6D, 0x50, 0xCD, 0x50, 0xDF, 0xF0, 0x00, 0x00, 0x00, 0x00, 0x00, 0x00, 0x00, 0x00, 0x00, 0x00, 0x00, 0x00}},  // 温
    {0x7070, 13, {0x00, 0x00, 0x00, 0x00, 0x00, 0x00, 0x30, 0x00, 0xFF, 0xF0, 0x30, 0x00, 0x33, 0x00, 0x35, 0x60, 0x35, 0x60, 0x3B, 0x40, 0x63, 0x00, 0x66, 0x80, 0xCC, 0xC0, 0x38, 0x70, 0x00, 0x00, 0x00, 0x00, 0x00, 0x00, 0x00, 0x00, 0x00, 0x00, 0x00, 0x00}},  // 灰
    {0x7248, 13, {0x00, 0x00, 0x00, 0x00, 0x00, 0x00, 0x68, 0x70, 0x6B, 0xC0, 0x6A, 0x00, 0x7E, 0x00, 0x67, 0xF0, 0x66, 0x30, 0x7B, 0x30, 0x6A, 0xA0, 0x6A, 0xC0, 0x6A, 0xA0, 0xDD, 0x30, 0x00, 0x00, 0x00, 0x00, 0x00, 0x00, 0x00, 0x00, 0x00, 0x00, 0x00, 0x00}},  // 版
    {0x72B6, 13, {0x00, 0x00, 0x00, 0x00, 0x00, 0x00, 0x31, 0xA0, 0x31, 0xB0, 0xD1, 0x80, 0x77, 0xF0, 0x31, 0x80, 0x33, 0x40, 0x33, 0x40, 0x73, 0x40, 0xD6, 0x60, 0x36, 0x60, 0x34, 0x30, 0x00, 0x00, 0x00, 0x00, 0x00, 0x00, 0x00, 0x00, 0x00, 0x00, 0x00, 0x00}},  // 状
    {0x7528, 13, {0x00, 0x00, 0x00, 0x00, 0x00, 0x00, 0x7F, 0xE0, 0x66, 0x60, 0x66, 0x60, 0x7F, 0xE0, 0x66, 0x60, 0x66, 0x60, 0x7F, 0xE0, 0x66, 0x60, 0x66, 0x60, 0x66, 0x60, 0xC6, 0xE0, 0x00, 0x00, 0x00, 0x00, 0x00, 0x00, 0x00, 0x00, 0x00, 0x00, 0x00, 0x00}},  // 用
    {0x7531, 13, {0x00, 0x00, 0x00, 0x00, 0x00, 0x00, 0x06, 0x00, 0x06, 0x00, 0xFF, 0xF0, 0xC6, 0x30, 0xC6, 0x30, 0xC6, 0x30, 0xFF, 0xF0, 0xC6, 0x30, 0xC6, 0x30, 0xC6, 0x30, 0xFF, 0xF0, 0x00, 0x00, 0x00, 0x00, 0x00, 0x00, 0x00, 0x00, 0x00, 0x00, 0x00, 0x00}},  // 由
    {0x7535, 13, {0x00, 0x00, 0x00, 0x00, 0x00, 0x00, 0x0C, 0x00, 0xFF, 0xC0, 0xCC, 0xC0, 0xCC, 0xC0, 0xFF, 0xC0, 0xCC, 0xC0, 0xCC, 0xC0, 0xFF, 0xC0, 0x0C, 0x30, 0x0C, 0x30, 0x07, 0xF0, 0x00, 0x00, 0x00, 0x00, 0x00, 0x00, 0x00, 0x00, 0x00, 0x00, 0x00, 0x00}},  // 电
    {0x767D, 13, {0x00, 0x00, 0x00, 0x00, 0x00, 0x00, 0x06, 0x00, 0x0C, 0x00, 0x7F, 0xE0, 0x60, 0x60, 0x60, 0x60, 0x60, 0x60, 0x7F, 0xE0, 0x60, 0x60, 0x60, 0x60, 0x60, 0x60, 0x7F, 0xE0, 0x00, 0x00, 0x00, 0x00, 0x00, 0x00, 0x00, 0x00, 0x00, 0x00, 0x00, 0x00}},  // 白
    {0x786E, 13, {0x00, 0x00, 0x00, 0x00, 0x00, 0x00, 0xFB, 0x00, 0x33, 0xE0, 0x36, 0x60, 0x6F, 0xF0, 0x7A, 0xB0, 0xEB, 0xF0, 0x6A, 0xB0, 0x6B, 0xF0, 0x6A, 0xB0, 0x7A, 0xB0, 0x0D, 0xB0, 0x00, 0x00, 0x00, 0x00, 0x00, 0x00, 0x00, 0x00, 0x00, 0x00, 0x00, 0x00}},  // 确
    {0x793A, 13, {0x00, 0x00, 0x00, 0x00, 0x00, 0x00, 0x7F, 0xE0, 0x00, 0x00, 0x00, 0x00, 0xFF, 0xF0, 0x06, 0x00, 0x06, 0x00, 0x36, 0xC0, 0x36, 0x60, 0x66, 0x30, 0xC6, 0x30, 0x1E, 0x00, 0x00, 0x00, 0x00, 0x00, 0x00, 0x00, 0x00, 0x00, 0x00, 0x00, 0x00, 0x00}},  // 示
    {0x79BB, 13, {0x00, 0x00, 0x00, 0x00, 0x00, 0x00, 0x06, 0x00, 0xFF, 0xF0, 0x19, 0x80, 0x6F, 0x60, 0x69, 0xA0, 0x7F, 0xE0, 0x06, 0x00, 0xFF, 0xF0, 0xD9, 0xB0, 0xDF, 0x50, 0xC0, 0x70, 0x00, 0x00, 0x00, 0x00, 0x00, 0x00, 0x00, 0x00, 0x00, 0x00, 0x00, 0x00}},  // 离
    {0x7A7A, 13, {0x00, 0x00, 0x00, 0x00, 0x00, 0x00, 0x06, 0x00, 0xFF, 0xF0, 0xC0, 0x30, 0x19, 0x80, 0x30, 0xC0, 0xE0, 0x70, 0x7F, 0xE0, 0x06, 0x00, 0x06, 0x00, 0x06, 0x00, 0xFF, 0xF0, 0x00, 0x00, 0x00, 0x00, 0x00, 0x00, 0x00, 0x00, 0x00, 0x00, 0x00, 0x00}},  // 空
    {0x7B49, 13, {0x00, 0x00, 0x00, 0x00, 0x00, 0x00, 0x63, 0x00, 0x7D, 0xF0, 0xDA, 0xC0, 0x7F, 0xE0, 0x06, 0x00, 0xFF, 0xF0, 0x00, 0xC0, 0xFF, 0xF0, 0x18, 0xC0, 0x0C, 0xC0, 0x03, 0xC0, 0x00, 0x00, 0x00, 0x00, 0x00, 0x00, 0x00, 0x00, 0x00, 0x00, 0x00, 0x00}},  // 等
    {0x7CFB, 13, {0x00, 0x00, 0x00, 0x00, 0x00, 0x00, 0x01, 0xE0, 0x7F, 0x00, 0x0C, 0xC0, 0x3B, 0x80, 0x0E, 0x00, 0x38, 0x60, 0xFF, 0xD0, 0x06, 0x00, 0x36, 0xC0, 0xE6, 0x70, 0x1E, 0x00, 0x00, 0x00, 0x00, 0x00, 0x00, 0x00, 0x00, 0x00, 0x00, 0x00, 0x00, 0x00}},  // 系
    {0x7EA2, 13, {0x00, 0x00, 0x00, 0x00, 0x00, 0x00, 0x37, 0xF0, 0x31, 0x80, 0x61, 0x80, 0xD9, 0x80, 0xF1, 0x80, 0x31, 0x80, 0x61, 0x80, 0xF9, 0x80, 0x01, 0x80, 0x39, 0x80, 0xEF, 0xF0, 0x00, 0x00, 0x00, 0x00, 0x00, 0x00, 0x00, 0x00, 0x00, 0x00, 0x00, 0x00}},  // 红
    {0x7EBF, 13, {0x00, 0x00, 0x00, 0x00, 0x00, 0x00, 0x31, 0xA0, 0x31, 0xB0, 0x61, 0xF0, 0xDB, 0x80, 0xF1, 0x80, 0x31, 0xF0, 0x67, 0x80, 0xF9, 0xB0, 0x00, 0xE0, 0x39, 0xD0, 0xEF, 0x70, 0x00, 0x00, 0x00, 0x00, 0x00, 0x00, 0x00, 0x00, 0x00, 0x00, 0x00, 0x00}},  // 线
    {0x7EDC, 13, {0x00, 0x00, 0x00, 0x00, 0x00, 0x00, 0x66, 0x00, 0x67, 0xE0, 0xCC, 0x60, 0xDA, 0xC0, 0xE3, 0x80, 0x66, 0xC0, 0xDC, 0x70, 0xF7, 0xE0, 0x0C, 0x60, 0x34, 0x60, 0xEF, 0xE0, 0x00, 0x00, 0x00, 0x00, 0x00, 0x00, 0x00, 0x00, 0x00, 0x00, 0x00, 0x00}},  // 络
    {0x7EDF, 13, {0x00, 0x00, 0x00, 0x00, 0x00, 0x00, 0x63, 0x00, 0x6F, 0xF0, 0xC6, 0x00, 0xD6, 0x60, 0xEC, 0x60, 0x6F, 0xD0, 0xC6, 0xC0, 0xF6, 0xC0, 0x06, 0xC0, 0x34, 0xD0, 0xE8, 0xF0, 0x00, 0x00, 0x00, 0x00, 0x00, 0x00, 0x00, 0x00, 0x00, 0x00, 0x00, 0x00}},  // 统
    {0x7EFF, 13, {0x00, 0x00, 0x00, 0x00, 0x00, 0x00, 0x6F, 0xE0, 0x60, 0x60, 0xCF, 0xE0, 0xD0, 0x60, 0xEF, 0xF0, 0x61, 0x80, 0xCD, 0xB0, 0xF6, 0xA0, 0x03, 0xC0, 0x36, 0xA0, 0xED, 0xB0, 0x00, 0x00, 0x00, 0x00, 0x00, 0x00, 0x00, 0x00, 0x00, 0x00, 0x00, 0x00}},  // 绿
    {0x7F51, 13, {0x00, 0x00, 0x00, 0x00, 0x00, 0x00, 0xFF, 0xF0, 0xC0, 0x30, 0xCC, 0xD0, 0xD5, 0x50, 0xD9, 0xB0, 0xD9, 0xB0, 0xD5, 0x50, 0xD5, 0x50, 0xE6, 0x30, 0xC0, 0x30, 0xC0, 0xF0, 0x00, 0x00, 0x00, 0x00, 0x00, 0x00, 0x00, 0x00, 0x00, 0x00, 0x00, 0x00}},  // 网
    {0x8017, 13, {0x00, 0x00, 0x00, 0x00, 0x00, 0x00, 0x30, 0xF0, 0x37, 0x80, 0xFD, 0x80, 0x31, 0xF0, 0xFB, 0x80, 0x31, 0x80, 0xFD, 0xF0, 0x37, 0x80, 0x79, 0x80, 0xD5, 0xB0, 0x30, 0xF0, 0x00, 0x00, 0x00, 0x00, 0x00, 0x00, 0x00, 0x00, 0x00, 0x00, 0x00, 0x00}},  // 耗
    {0x8272, 13, {0x00, 0x00, 0x00, 0x00, 0x00, 0x00, 0x30, 0x00, 0x3F, 0x80, 0x61, 0x80, 0xFF, 0xE0, 0x66, 0x60, 0x66, 0x60, 0x7F, 0xE0, 0x60, 0x00, 0x60, 0x30, 0x60, 0x30, 0x3F, 0xF0, 0x00, 0x00, 0x00, 0x00, 0x00, 0x00, 0x00, 0x00, 0x00, 0x00, 0x00, 0x00}},  // 色
    {0x84DD, 13, {0x00, 0x00, 0x00, 0x00, 0x00, 0x00, 0x19, 0x80, 0xFF, 0xF0, 0x19, 0x80, 0x03, 0x00, 0xDB, 0xF0, 0xDA, 0xC0, 0xD8, 0x60, 0x7F, 0xE0, 0x6D, 0x60, 0x6D, 0x60, 0xFF, 0xF0, 0x00, 0x00, 0x00, 0x00, 0x00, 0x00, 0x00, 0x00, 0x00, 0x00, 0x00, 0x00}},  // 蓝
    {0x884C, 13, {0x00, 0x00, 0x00, 0x00, 0x00, 0x00, 0x37, 0xE0, 0x60, 0x00, 0xC0, 0x00, 0x37, 0xF0, 0x60, 0xC0, 0xE0, 0xC0, 0x60, 0xC0, 0x60, 0xC0, 0x60, 0xC0, 0x60, 0xC0, 0x63, 0xC0, 0x00, 0x00, 0x00, 0x00, 0x00, 0x00, 0x00, 0x00, 0x00, 0x00, 0x00, 0x00}},  // 行
    {0x8861, 13, {0x00, 0x00, 0x00, 0x00, 0x00, 0x00, 0x37, 0x70, 0x6B, 0x00, 0xDF, 0x80, 0x3A, 0xF0, 0x6F, 0xA0, 0xEA, 0xA0, 0x6F, 0xA0, 0x66, 0x60, 0x6F, 0xA0, 0x6D, 0x60, 0x69, 0xE0, 0x00, 0x00, 0x00, 0x00, 0x00, 0x00, 0x00, 0x00, 0x00, 0x00, 0x00, 0x00}},  // 衡
    {0x8B66, 13, {0x00, 0x00, 0x00, 0x00, 0x00, 0x00, 0x6B, 0x00, 0xFF, 0xF0, 0x6A, 0xA0, 0x7A, 0xC0, 0x0D, 0x60, 0xFF, 0xF0, 0x00, 0x00, 0x7F, 0xE0, 0x30, 0xC0, 0x30, 0xC0, 0x3F, 0xC0, 0x00, 0x00, 0x00, 0x00, 0x00, 0x00, 0x00, 0x00, 0x00, 0x00, 0x00, 0x00}},  // 警
    {0x8BBE, 13, {0x00, 0x00, 0x00, 0x00, 0x00, 0x00, 0xC7, 0xC0, 0x66, 0xC0, 0x06, 0xC0, 0x06, 0xC0, 0xEC, 0xF0, 0x60, 0x00, 0x6F, 0xE0, 0x6C, 0x60, 0x66, 0xC0, 0x73, 0x80, 0x6E, 0xF0, 0x00, 0x00, 0x00, 0x00, 0x00, 0x00, 0x00, 0x00, 0x00, 0x00, 0x00, 0x00}},  // 设
    {0x8BD5, 13, {0x00, 0x00, 0x00, 0x00, 0x00, 0x00, 0xC1, 0xA0, 0x61, 0xB0, 0x1F, 0xF0, 0x01, 0x80, 0xE1, 0x80, 0x6F, 0x80, 0x66, 0xC0, 0x66, 0xC0, 0x66, 0xD0, 0x77, 0xB0, 0x6C, 0x30, 0x00, 0x00, 0x00, 0x00, 0x00, 0x00, 0x00, 0x00, 0x00, 0x00, 0x00, 0x00}},  // 试
    {0x8BEF, 13, {0x00, 0x00, 0x00, 0x00, 0x00, 0x00, 0xCF, 0xE0, 0x6C, 0x60, 0x0C, 0x60, 0x0F, 0xE0, 0xE0, 0x00, 0x6F, 0xE0, 0x61, 0x80, 0x6F, 0xF0, 0x61, 0x80, 0x73, 0x40, 0x6E, 0x70, 0x00, 0x00, 0x00, 0x00, 0x00, 0x00, 0x00, 0x00, 0x00, 0x00, 0x00, 0x00}},  // 误
    {0x8D25, 13, {0x00, 0x00, 0x00, 0x00, 0x00, 0x00, 0xFD, 0x00, 0xCD, 0x00, 0xD5, 0xF0, 0xD6, 0x60, 0xD5, 0x60, 0xD5, 0x60, 0xD5, 0x40, 0xD5, 0x40, 0x31, 0x80, 0x6B, 0x40, 0xCE, 0x70, 0x00, 0x00, 0x00, 0x00, 0x00, 0x00, 0x00, 0x00, 0x00, 0x00, 0x00, 0x00}},  // 败
    {0x8D34, 13, {0x00, 0x00, 0x00, 0x00, 0x00, 0x00, 0xFC, 0xC0, 0xCC, 0xC0, 0xD4, 0xF0, 0xD4, 0xC0, 0xD4, 0xC0, 0xD4, 0xC0, 0xD5, 0xF0, 0xD5, 0x30, 0x33, 0x30, 0x6B, 0x30, 0xCD, 0xF0, 0x00, 0x00, 0x00, 0x00, 0x00, 0x00, 0x00, 0x00, 0x00, 0x00, 0x00, 0x00}},  // 贴
    {0x8DEF, 13, {0x00, 0x00, 0x00, 0x00, 0x00, 0x00, 0xFB, 0x00, 0xDB, 0xE0, 0xDA, 0x60, 0xFD, 0x40, 0x31, 0x80, 0x33, 0x40, 0xDE, 0x70, 0xD7, 0xE0, 0xD6, 0x60, 0xDA, 0x60, 0xE7, 0xE0, 0x00, 0x00, 0x00, 0x00, 0x00, 0x00, 0x00, 0x00, 0x00, 0x00, 0x00, 0x00}},  // 路
    {0x8F93, 13, {0x00, 0x00, 0x00, 0x00, 0x00, 0x00, 0x31, 0x80, 0xFB, 0x40, 0x66, 0x60, 0xD5, 0xD0, 0xD0, 0x00, 0xFF, 0x50, 0x35, 0x50, 0x3F, 0x50, 0xF5, 0x50, 0x37, 0x30, 0x35, 0x70, 0x00, 0x00, 0x00, 0x00, 0x00, 0x00, 0x00, 0x00, 0x00, 0x00, 0x00, 0x00}},  // 输
    {0x8FD0, 13, {0x00, 0x00, 0x00, 0x00, 0x00, 0x00, 0xCF, 0xE0, 0x60, 0x00, 0x00, 0x00, 0x1F, 0xF0, 0xE6, 0x00, 0x66, 0x60, 0x6C, 0x60, 0x6D, 0xD0, 0x6F, 0x30, 0xD0, 0x00, 0xDF, 0xF0, 0x00, 0x00, 0x00, 0x00, 0x00, 0x00, 0x00, 0x00, 0x00, 0x00, 0x00, 0x00}},  // 运
    {0x8FD4, 13, {0x00, 0x00, 0x00, 0x00, 0x00, 0x00, 0xC0, 0xF0, 0x6F, 0x80, 0x0C, 0x00, 0x0C, 0x00, 0xEF, 0xF0, 0x6E, 0x30, 0x6D, 0x60, 0x6D, 0xC0, 0x6B, 0x70, 0xD0, 0x00, 0xDF, 0xF0, 0x00, 0x00, 0x00, 0x00, 0x00, 0x00, 0x00, 0x00, 0x00, 0x00, 0x00, 0x00}},  // 返
    {0x8FDB, 13, {0x00, 0x00, 0x00, 0x00, 0x00, 0x00, 0xC6, 0xC0, 0x66, 0xC0, 0x1F, 0xF0, 0x06, 0xC0, 0xE6, 0xC0, 0x6F, 0xF0, 0x66, 0xC0, 0x66, 0xC0, 0x6C, 0xC0, 0xD0, 0x00, 0xDF, 0xF0, 0x00, 0x00, 0x00, 0x00, 0x00, 0x00, 0x00, 0x00, 0x00, 0x00, 0x00, 0x00}},  // 进
    {0x8FDE, 13, {0x00, 0x00, 0x00, 0x00, 0x00, 0x00, 0xC3, 0x00, 0x6F, 0xF0, 0x06, 0x00, 0x0D, 0x80, 0xED, 0x80, 0x6F, 0xF0, 0x61, 0x80, 0x6F, 0xF0, 0x61, 0x80, 0xD1, 0x80, 0xDF, 0xF0, 0x00, 0x00, 0x00, 0x00, 0x00, 0x00, 0x00, 0x00, 0x00, 0x00, 0x00, 0x00}},  // 连
    {0x9000, 13, {0x00, 0x00, 0x00, 0x00, 0x00, 0x00, 0xCF, 0xE0, 0x6C, 0x60, 0x0F, 0xE0, 0x0C, 0x60, 0xEF, 0xE0, 0x6D, 0x30, 0x6D, 0xA0, 0x6D, 0x40, 0x6E, 0x70, 0xD0, 0x00, 0xDF, 0xF0, 0x00, 0x00, 0x00, 0x00, 0x00, 0x00, 0x00, 0x00, 0x00, 0x00, 0x00, 0x00}},  // 退
    {0x91CD, 13, {0x00, 0x00, 0x00, 0x00, 0x00, 0x00, 0x7F, 0xE0, 0x06, 0x00, 0xFF, 0xF0, 0x66, 0x60, 0x7F, 0xE0, 0x66, 0x60, 0x7F, 0xE0, 0x06, 0x00, 0x7F, 0xE0, 0x06, 0x00, 0xFF, 0xF0, 0x00, 0x00, 0x00, 0x00, 0x00, 0x00, 0x00, 0x00, 0x00, 0x00, 0x00, 0x00}},  // 重
    {0x91CF, 13, {0x00, 0x00, 0x00, 0x00, 0x00, 0x00, 0x7F, 0xE0, 0x60, 0x60, 0x7F, 0xE0, 0x60, 0x60, 0xFF, 0xF0, 0x66, 0x60, 0x7F, 0xE0, 0x66, 0x60, 0x7F, 0xE0, 0x06, 0x00, 0xFF, 0xF0, 0x00, 0x00, 0x00, 0x00, 0x00, 0x00, 0x00, 0x00, 0x00, 0x00, 0x00, 0x00}},  // 量
    {0x9519, 13, {0x00, 0x00, 0x00, 0x00, 0x00, 0x00, 0x66, 0xC0, 0x77, 0xE0, 0xC6, 0xC0, 0xF6, 0xC0, 0x6F, 0xF0, 0x60, 0x00, 0xF7, 0xE0, 0x6C, 0x60, 0x6F, 0xE0, 0x74, 0x60, 0x6F, 0xE0, 0x00, 0x00, 0x00, 0x00, 0x00, 0x00, 0x00, 0x00, 0x00, 0x00, 0x00, 0x00}},  // 错
    {0x952E, 13, {0x00, 0x00, 0x00, 0x00, 0x00, 0x00, 0x60, 0xC0, 0x7D, 0xF0, 0xCC, 0xD0, 0xF7, 0xF0, 0x68, 0xD0, 0x6D, 0xF0, 0xF4, 0xC0, 0x6D, 0xF0, 0x6C, 0xC0, 0x76, 0xC0, 0x6B, 0xF0, 0x00, 0x00, 0x00, 0x00, 0x00, 0x00, 0x00, 0x00, 0x00, 0x00, 0x00, 0x00}},  // 键
    {0x95EA, 13, {0x00, 0x00, 0x00, 0x00, 0x00, 0x00, 0xDF, 0xF0, 0x60, 0x30, 0x06, 0x30, 0xC6, 0x30, 0xC6, 0x30, 0xCD, 0x30, 0xCD, 0x30, 0xD9, 0xB0, 0xD0, 0xD0, 0xC0, 0x30, 0xC0, 0xF0, 0x00, 0x00, 0x00, 0x00, 0x00, 0x00, 0x00, 0x00, 0x00, 0x00, 0x00, 0x00}},  // 闪
    {0x95F2, 13, {0x00, 0x00, 0x00, 0x00, 0x00, 0x00, 0xDF, 0xF0, 0x60, 0x30, 0x06, 0x30, 0xC6, 0x30, 0xDF, 0xD0, 0xC6, 0x30, 0xCF, 0x30, 0xDA, 0xB0, 0xD6, 0xD0, 0xC6, 0x30, 0xC0, 0xF0, 0x00, 0x00, 0x00, 0x00, 0x00, 0x00, 0x00, 0x00, 0x00, 0x00, 0x00, 0x00}},  // 闲
    {0x95F4, 13, {0x00, 0x00, 0x00, 0x00, 0x00, 0x00, 0xDF, 0xF0, 0x60, 0x30, 0x00, 0x30, 0xDF, 0xB0, 0xD9, 0xB0, 0xD9, 0xB0, 0xDF, 0xB0, 0xD9, 0xB0, 0xD9, 0xB0, 0xDF, 0xB0, 0xC0, 0x70, 0x00, 0x00, 0x00, 0x00, 0x00, 0x00, 0x00, 0x00, 0x00, 0x00, 0x00, 0x00}},  // 间
    {0x9752, 13, {0x00, 0x00, 0x00, 0x00, 0x00, 0x00, 0x06, 0x00, 0x7F, 0xE0, 0x06, 0x00, 0x7F, 0xE0, 0x06, 0x00, 0xFF, 0xF0, 0x30, 0xC0, 0x3F, 0xC0, 0x30, 0xC0, 0x3F, 0xC0, 0x30, 0xC0, 0x00, 0x00, 0x00, 0x00, 0x00, 0x00, 0x00, 0x00, 0x00, 0x00, 0x00, 0x00}},  // 青
    {0x9759, 13, {0x00, 0x00, 0x00, 0x00, 0x00, 0x00, 0x31, 0x80, 0xFD, 0xE0, 0x33, 0x60, 0xFD, 0xF0, 0x30, 0xD0, 0xFF, 0xF0, 0x6C, 0xD0, 0x7D, 0xF0, 0x6C, 0xC0, 0x7C, 0xC0, 0x6D, 0xC0, 0x00, 0x00, 0x00, 0x00, 0x00, 0x00, 0x00, 0x00, 0x00, 0x00, 0x00, 0x00}},  // 静
    {0x9762, 13, {0x00, 0x00, 0x00, 0x00, 0x00, 0x00, 0xFF, 0xF0, 0x06, 0x00, 0x0C, 0x00, 0xFF, 0xF0, 0xD9, 0xB0, 0xDF, 0xB0, 0xD9, 0xB0, 0xD9, 0xB0, 0xDF, 0xB0, 0xD9, 0xB0, 0xFF, 0xF0, 0x00, 0x00, 0x00, 0x00, 0x00, 0x00, 0x00, 0x00, 0x00, 0x00, 0x00, 0x00}},  // 面
    {0x97F3, 13, {0x00, 0x00, 0x00, 0x00, 0x00, 0x00, 0x06, 0x00, 0x7F, 0xE0, 0x30, 0xC0, 0x19, 0x80, 0xFF, 0xF0, 0x00, 0x00, 0x3F, 0xC0, 0x30, 0xC0, 0x3F, 0xC0, 0x30, 0xC0, 0x3F, 0xC0, 0x00, 0x00, 0x00, 0x00, 0x00, 0x00, 0x00, 0x00, 0x00, 0x00, 0x00, 0x00}},  // 音
    {0x9875, 13, {0x00, 0x00, 0x00, 0x00, 0x00, 0x00, 0xFF, 0xF0, 0x06, 0x00, 0x7F, 0xE0, 0x60, 0x60, 0x66, 0x60, 0x66, 0x60, 0x66, 0x60, 0x66, 0x60, 0x0D, 0x00, 0x39, 0xC0, 0xE0, 0x70, 0x00, 0x00, 0x00, 0x00, 0x00, 0x00, 0x00, 0x00, 0x00, 0x00, 0x00, 0x00}},  // 页
    {0x9891, 13, {0x00, 0x00, 0x00, 0x00, 0x00, 0x00, 0x33, 0xF0, 0xDC, 0xC0, 0xD3, 0xF0, 0xD3, 0x30, 0xFD, 0x50, 0x33, 0x50, 0x75, 0x50, 0xD5, 0x50, 0x18, 0xC0, 0x31, 0xA0, 0xE3, 0x30, 0x00, 0x00, 0x00, 0x00, 0x00, 0x00, 0x00, 0x00, 0x00, 0x00, 0x00, 0x00}},  // 频
    {0x989C, 13, {0x00, 0x00, 0x00, 0x00, 0x00, 0x00, 0x33, 0xF0, 0xFC, 0xC0, 0x6B, 0xF0, 0x33, 0x30, 0xFD, 0x50, 0xDB, 0x50, 0xD3, 0x50, 0xCD, 0x50, 0xD8, 0xC0, 0xCD, 0xA0, 0xDB, 0x30, 0x00, 0x00, 0x00, 0x00, 0x00, 0x00, 0x00, 0x00, 0x00, 0x00, 0x00, 0x00}},  // 颜
    {0x98CE, 13, {0x00, 0x00, 0x00, 0x00, 0x00, 0x00, 0x7F, 0xE0, 0x60, 0x60, 0x61, 0xA0, 0x69, 0xA0, 0x6D, 0x60, 0x66, 0x60, 0x66, 0x60, 0x6D, 0x60, 0x69, 0xA0, 0x60, 0x70, 0xC0, 0x30, 0x00, 0x00, 0x00, 0x00, 0x00, 0x00, 0x00, 0x00, 0x00, 0x00, 0x00, 0x00}},  // 风
    {0x9A8C, 13, {0x00, 0x00, 0x00, 0x00, 0x00, 0x00, 0xF1, 0x80, 0x33, 0x40, 0xD6, 0x60, 0xD4, 0x30, 0xD7, 0xE0, 0xF8, 0x00, 0x1D, 0x30, 0x3A, 0xA0, 0xEA, 0xA0, 0x18, 0xC0, 0x77, 0xF0, 0x00, 0x00, 0x00, 0x00, 0x00, 0x00, 0x00, 0x00, 0x00, 0x00, 0x00, 0x00}},  // 验
    {0x9EA6, 13, {0x00, 0x00, 0x00, 0x00, 0x00, 0x00, 0x06, 0x00, 0x7F, 0xE0, 0x06, 0x00, 0x7F, 0xE0, 0x06, 0x00, 0xFF, 0xF0, 0x0C, 0x00, 0x1F, 0xE0, 0x78, 0xC0, 0x0F, 0x80, 0xF8, 0xF0, 0x00, 0x00, 0x00, 0x00, 0x00, 0x00, 0x00, 0x00, 0x00, 0x00, 0x00, 0x00}},  // 麦
    {0x9EC4, 13, {0x00, 0x00, 0x00, 0x00, 0x00, 0x00, 0x19, 0x80, 0x7F, 0xE0, 0x19, 0x80, 0xFF, 0xF0, 0x06, 0x00, 0x7F, 0xE0, 0x66, 0x60, 0x7F, 0xE0, 0x66, 0x60, 0x7F, 0xE0, 0xE0, 0x70, 0x00, 0x00, 0x00, 0x00, 0x00, 0x00, 0x00, 0x00, 0x00, 0x00, 0x00, 0x00}},  // 黄
    {0x9ED1, 13, {0x00, 0x00, 0x00, 0x00, 0x00, 0x00, 0x7F, 0xE0, 0x66, 0x60, 0x6A, 0xA0, 0x66, 0x60, 0x7F, 0xE0, 0x06, 0x00, 0x7F, 0xE0, 0x06, 0x00, 0xFF, 0xF0, 0x6B, 0x60, 0xCD, 0xB0, 0x00, 0x00, 0x00, 0x00, 0x00, 0x00, 0x00, 0x00, 0x00, 0x00, 0x00, 0x00}},  // 黑
};

constexpr size_t FONT12_GLYPH_COUNT = sizeof(FONT12_GLYPHS) / sizeof(FONT12_GLYPHS[0]);
constexpr size_t FONT_BOLD12_GLYPH_COUNT = sizeof(FONT_BOLD12_GLYPHS) / sizeof(FONT_BOLD12_GLYPHS[0]);
